event_id,ticker,signal,direction,severe,entry_ts,exit_ts,entry_fill,exit_fill,stopped,gross_ret,net_ret,spy_gross,excess_gross
CVX_1785717540_0,CVX,SentRule,long,False,2026-08-03 13:30:00+00:00,2026-08-03 15:38:00+00:00,194.545,194.875,False,0.0016962656454806435,0.0010954281373458663,0.008005443701717185,-0.006309178056236542
XOM_1785717540_0,XOM,SentRule,long,False,2026-08-03 13:30:00+00:00,2026-08-03 15:30:00+00:00,153.455,155.58,False,0.013847707797074005,0.01323958161025196,0.007738595578326457,0.006109112218747548
TSLA_1785719226_0,TSLA,SentRule,long,False,2026-08-03 13:30:00+00:00,2026-08-03 15:30:00+00:00,310.81,323.57,False,0.04105402014092219,0.040429575062361334,0.007738595578326457,0.03331542456259573
TSLA_1785720635_0,TSLA,SentRule,short,False,2026-08-03 13:30:00+00:00,2026-08-03 15:30:00+00:00,310.81,315.0116487286132,True,-0.013518383348712026,-0.014126676866776489,0.007738595578326457,-0.005779787770385569
AMZN_1785723704_0,AMZN,SentRule,long,False,2026-08-03 13:30:00+00:00,2026-08-03 15:30:00+00:00,278.49,285.72,False,0.02596143488096536,0.025346042637709676,0.007738595578326457,0.018222839302638905
AAPL_1785723704_0,AAPL,SentRule,long,False,2026-08-03 13:30:00+00:00,2026-08-03 15:30:00+00:00,309.765,304.6026680702891,True,-0.016665317029718962,-0.017255140892342147,0.007738595578326457,-0.02440391260804542
TSLA_1785727166_0,TSLA,SentRule,short,False,2026-08-03 13:30:00+00:00,2026-08-03 15:30:00+00:00,310.81,315.0116487286132,True,-0.013518383348712026,-0.014126676866776489,0.007738595578326457,-0.005779787770385569
AMD_1785728119_0,AMD,SentRule,long,False,2026-08-03 13:30:00+00:00,2026-08-03 15:30:00+00:00,462.485,479.06,False,0.035839000183789826,0.035217683178781156,0.007738595578326457,0.02810040460546337
DIS_1785732846_0,DIS,SentRule,long,False,2026-08-03 13:30:00+00:00,2026-08-03 15:30:00+00:00,97.76,97.795,False,0.000358019639934426,-0.00024201516140887058,0.007738595578326457,-0.007380575938392031
GOOGL_1785734543_0,GOOGL,SentRule,short,False,2026-08-03 13:30:00+00:00,2026-08-03 15:30:00+00:00,365.445,369.92065363181166,True,-0.012247133308190383,-0.012854663847337022,0.007738595578326457,-0.004508537729863926
AAPL_1785736716_0,AAPL,SentRule,long,False,2026-08-03 13:30:00+00:00,2026-08-03 15:30:00+00:00,309.765,304.6026680702891,True,-0.016665317029718962,-0.017255140892342147,0.007738595578326457,-0.02440391260804542
TSLA_1785737100_0,TSLA,SentRule,long,False,2026-08-03 13:30:00+00:00,2026-08-03 15:30:00+00:00,310.81,323.57,False,0.04105402014092219,0.040429575062361334,0.007738595578326457,0.03331542456259573
META_1785738000_0,META,SentRule,long,False,2026-08-03 13:30:00+00:00,2026-08-03 15:30:00+00:00,562.8,593.61,False,0.05474413646055454,0.054111479775683646,0.007738595578326457,0.04700554088222808
XOM_1785739731_0,XOM,SentRule,long,False,2026-08-03 13:30:00+00:00,2026-08-03 15:30:00+00:00,153.455,155.58,False,0.013847707797074005,0.01323958161025196,0.007738595578326457,0.006109112218747548
MSFT_1785740095_0,MSFT,SentRule,long,False,2026-08-03 13:30:00+00:00,2026-08-03 15:30:00+00:00,476.4,485.775,False,0.01967884130982367,0.019067217492183097,0.007738595578326457,0.011940245731497212
CVX_1785741063_0,CVX,SentRule,long,False,2026-08-03 13:30:00+00:00,2026-08-03 15:38:00+00:00,194.545,194.875,False,0.0016962656454806435,0.0010954281373458663,0.008005443701717185,-0.006309178056236542
AAPL_1785741225_0,AAPL,SentRule,short,False,2026-08-03 13:30:00+00:00,2026-08-03 15:30:00+00:00,309.765,304.01,False,0.018578599906380666,0.01798957035745985,0.007738595578326457,0.026317195484707123
AMZN_1785741225_0,AMZN,SentRule,short,False,2026-08-03 13:30:00+00:00,2026-08-03 15:30:00+00:00,278.49,284.104117934172,True,-0.02015913653693846,-0.02077141570261043,0.007738595578326457,-0.012420540958612003
CVX_1785741760_0,CVX,SentRule,long,False,2026-08-03 13:30:00+00:00,2026-08-03 15:38:00+00:00,194.545,194.875,False,0.0016962656454806435,0.0010954281373458663,0.008005443701717185,-0.006309178056236542
BA_1785743580_0,BA,SentRule,long,False,2026-08-03 13:30:00+00:00,2026-08-03 15:37:00+00:00,220.1,226.66,False,0.02980463425715585,0.029186936785843054,0.007845334827682793,0.021959299429473056
MSFT_1785743590_0,MSFT,SentRule,long,False,2026-08-03 13:30:00+00:00,2026-08-03 15:30:00+00:00,476.4,485.775,False,0.01967884130982367,0.019067217492183097,0.007738595578326457,0.011940245731497212
AMZN_1785745525_0,AMZN,SentRule,short,False,2026-08-03 13:30:00+00:00,2026-08-03 15:30:00+00:00,278.49,284.104117934172,True,-0.02015913653693846,-0.02077141570261043,0.007738595578326457,-0.012420540958612003
AMZN_1785746696_0,AMZN,SentRule,long,False,2026-08-03 13:30:00+00:00,2026-08-03 15:30:00+00:00,278.49,285.72,False,0.02596143488096536,0.025346042637709676,0.007738595578326457,0.018222839302638905
META_1785748252_0,META,SentRule,short,False,2026-08-03 13:30:00+00:00,2026-08-03 15:30:00+00:00,562.8,574.6353826805605,True,-0.02102946460653965,-0.021642266125759146,0.007738595578326457,-0.013290869028213192
AAPL_1785748580_0,AAPL,SentRule,long,False,2026-08-03 13:30:00+00:00,2026-08-03 15:30:00+00:00,309.765,304.6026680702891,True,-0.016665317029718962,-0.017255140892342147,0.007738595578326457,-0.02440391260804542
AAPL_1785748849_0,AAPL,SentRule,long,False,2026-08-03 13:30:00+00:00,2026-08-03 15:30:00+00:00,309.765,304.6026680702891,True,-0.016665317029718962,-0.017255140892342147,0.007738595578326457,-0.02440391260804542
CVX_1785749160_0,CVX,SentRule,short,False,2026-08-03 13:30:00+00:00,2026-08-03 15:38:00+00:00,194.545,194.875,False,-0.0016962656454806435,-0.002297463764303398,0.008005443701717185,0.006309178056236542
TSLA_1785749182_0,TSLA,SentRule,short,False,2026-08-03 13:30:00+00:00,2026-08-03 15:30:00+00:00,310.81,315.0116487286132,True,-0.013518383348712026,-0.014126676866776489,0.007738595578326457,-0.005779787770385569
JPM_1785750057_0,JPM,SentRule,long,False,2026-08-03 13:30:00+00:00,2026-08-03 15:37:00+00:00,354.08,352.435,False,-0.004645842747401652,-0.005242876131737906,0.007845334827682793,-0.012491177575084444
META_1785750389_0,META,SentRule,short,False,2026-08-03 13:30:00+00:00,2026-08-03 15:30:00+00:00,562.8,574.6353826805605,True,-0.02102946460653965,-0.021642266125759146,0.007738595578326457,-0.013290869028213192
JNJ_1785750810_0,JNJ,SentRule,long,False,2026-08-03 13:30:00+00:00,2026-08-03 15:32:00+00:00,255.34,253.13,True,-0.008655126498002708,-0.009249755033543194,0.007705239562902699,-0.016360366060905407
META_1785751692_0,META,SentRule,short,False,2026-08-03 13:30:00+00:00,2026-08-03 15:30:00+00:00,562.8,574.6353826805605,True,-0.02102946460653965,-0.021642266125759146,0.007738595578326457,-0.013290869028213192
CVX_1785751908_0,CVX,SentRule,long,False,2026-08-03 13:30:00+00:00,2026-08-03 15:38:00+00:00,194.545,194.875,False,0.0016962656454806435,0.0010954281373458663,0.008005443701717185,-0.006309178056236542
PG_1785752460_0,PG,SentRule,short,False,2026-08-03 13:30:00+00:00,2026-08-03 16:01:00+00:00,145.79,147.03,True,-0.008505384457095921,-0.0091106692732148,0.008785974462634627,0.0002805900055387056
TSLA_1785752902_0,TSLA,SentRule,short,False,2026-08-03 13:30:00+00:00,2026-08-03 15:30:00+00:00,310.81,315.0116487286132,True,-0.013518383348712026,-0.014126676866776489,0.007738595578326457,-0.005779787770385569
AAPL_1785753180_0,AAPL,SentRule,short,False,2026-08-03 13:30:00+00:00,2026-08-03 15:30:00+00:00,309.765,304.01,False,0.018578599906380666,0.01798957035745985,0.007738595578326457,0.026317195484707123
CVX_1785753234_0,CVX,SentRule,long,False,2026-08-03 13:30:00+00:00,2026-08-03 15:38:00+00:00,194.545,194.875,False,0.0016962656454806435,0.0010954281373458663,0.008005443701717185,-0.006309178056236542
TSLA_1785754560_0,TSLA,SentRule,long,False,2026-08-03 13:30:00+00:00,2026-08-03 15:30:00+00:00,310.81,323.57,False,0.04105402014092219,0.040429575062361334,0.007738595578326457,0.03331542456259573
CVX_1785754800_0,CVX,SentRule,long,False,2026-08-03 13:30:00+00:00,2026-08-03 15:38:00+00:00,194.545,194.875,False,0.0016962656454806435,0.0010954281373458663,0.008005443701717185,-0.006309178056236542
AMZN_1785755129_0,AMZN,SentRule,short,False,2026-08-03 13:30:00+00:00,2026-08-03 15:30:00+00:00,278.49,284.104117934172,True,-0.02015913653693846,-0.02077141570261043,0.007738595578326457,-0.012420540958612003
GOOGL_1785755129_0,GOOGL,SentRule,short,False,2026-08-03 13:30:00+00:00,2026-08-03 15:30:00+00:00,365.445,369.92065363181166,True,-0.012247133308190383,-0.012854663847337022,0.007738595578326457,-0.004508537729863926
XOM_1785755309_0,XOM,SentRule,long,False,2026-08-03 13:30:00+00:00,2026-08-03 15:30:00+00:00,153.455,155.58,False,0.013847707797074005,0.01323958161025196,0.007738595578326457,0.006109112218747548
META_1785756000_0,META,SentRule,short,False,2026-08-03 13:30:00+00:00,2026-08-03 15:30:00+00:00,562.8,574.6353826805605,True,-0.02102946460653965,-0.021642266125759146,0.007738595578326457,-0.013290869028213192
AMZN_1785756000_0,AMZN,SentRule,short,False,2026-08-03 13:30:00+00:00,2026-08-03 15:30:00+00:00,278.49,284.104117934172,True,-0.02015913653693846,-0.02077141570261043,0.007738595578326457,-0.012420540958612003
MSFT_1785756000_0,MSFT,SentRule,short,False,2026-08-03 13:30:00+00:00,2026-08-03 15:30:00+00:00,476.4,487.20097758922805,True,-0.02267207722340059,-0.023285864605949502,0.007738595578326457,-0.014933481645074131
GOOGL_1785756000_0,GOOGL,SentRule,short,False,2026-08-03 13:30:00+00:00,2026-08-03 15:30:00+00:00,365.445,369.92065363181166,True,-0.012247133308190383,-0.012854663847337022,0.007738595578326457,-0.004508537729863926
CVX_1785756548_0,CVX,SentRule,short,False,2026-08-03 13:30:00+00:00,2026-08-03 15:38:00+00:00,194.545,194.875,False,-0.0016962656454806435,-0.002297463764303398,0.008005443701717185,0.006309178056236542
CAT_1785758400_0,CAT,SentRule,long,False,2026-08-03 13:30:00+00:00,2026-08-03 15:35:00+00:00,810.665,822.8,False,0.014969191959687489,0.01436039308417425,0.007805307609174195,0.007163884350513294
GOOGL_1785758400_0,GOOGL,SentRule,short,False,2026-08-03 13:30:00+00:00,2026-08-03 15:30:00+00:00,365.445,369.92065363181166,True,-0.012247133308190383,-0.012854663847337022,0.007738595578326457,-0.004508537729863926
AAPL_1785758510_0,AAPL,SentRule,short,False,2026-08-03 13:30:00+00:00,2026-08-03 15:30:00+00:00,309.765,304.01,False,0.018578599906380666,0.01798957035745985,0.007738595578326457,0.026317195484707123
GOOGL_1785758856_0,GOOGL,SentRule,short,False,2026-08-03 13:30:00+00:00,2026-08-03 15:30:00+00:00,365.445,369.92065363181166,True,-0.012247133308190383,-0.012854663847337022,0.007738595578326457,-0.004508537729863926
TSLA_1785759050_0,TSLA,SentRule,short,False,2026-08-03 13:30:00+00:00,2026-08-03 15:30:00+00:00,310.81,315.0116487286132,True,-0.013518383348712026,-0.014126676866776489,0.007738595578326457,-0.005779787770385569
CVX_1785759576_0,CVX,SentRule,long,False,2026-08-03 13:30:00+00:00,2026-08-03 15:38:00+00:00,194.545,194.875,False,0.0016962656454806435,0.0010954281373458663,0.008005443701717185,-0.006309178056236542
AAPL_1785760156_0,AAPL,SentRule,short,False,2026-08-03 13:30:00+00:00,2026-08-03 15:30:00+00:00,309.765,304.01,False,0.018578599906380666,0.01798957035745985,0.007738595578326457,0.026317195484707123
BA_1785760701_0,BA,SentRule,long,False,2026-08-03 13:30:00+00:00,2026-08-03 15:37:00+00:00,220.1,226.66,False,0.02980463425715585,0.029186936785843054,0.007845334827682793,0.021959299429473056
AAPL_1785760774_0,AAPL,SentRule,short,False,2026-08-03 13:30:00+00:00,2026-08-03 15:30:00+00:00,309.765,304.01,False,0.018578599906380666,0.01798957035745985,0.007738595578326457,0.026317195484707123
MSFT_1785760777_0,MSFT,SentRule,long,False,2026-08-03 13:30:00+00:00,2026-08-03 15:30:00+00:00,476.4,485.775,False,0.01967884130982367,0.019067217492183097,0.007738595578326457,0.011940245731497212
META_1785761728_0,META,SentRule,long,False,2026-08-03 13:30:00+00:00,2026-08-03 15:30:00+00:00,562.8,593.61,False,0.05474413646055454,0.054111479775683646,0.007738595578326457,0.04700554088222808
CVX_1785761996_0,CVX,SentRule,long,False,2026-08-03 13:30:00+00:00,2026-08-03 15:38:00+00:00,194.545,194.875,False,0.0016962656454806435,0.0010954281373458663,0.008005443701717185,-0.006309178056236542
AMD_1785762050_0,AMD,SentRule,long,False,2026-08-03 13:30:00+00:00,2026-08-03 15:30:00+00:00,462.485,479.06,False,0.035839000183789826,0.035217683178781156,0.007738595578326457,0.02810040460546337
AMZN_1785762126_0,AMZN,SentRule,long,False,2026-08-03 13:30:00+00:00,2026-08-03 15:30:00+00:00,278.49,285.72,False,0.02596143488096536,0.025346042637709676,0.007738595578326457,0.018222839302638905
AMD_1785762265_0,AMD,SentRule,short,False,2026-08-03 13:30:00+00:00,2026-08-03 15:30:00+00:00,462.485,475.13,True,-0.027341427289533593,-0.02795801712285728,0.007738595578326457,-0.019602831711207136
AMD_1785762510_0,AMD,SentRule,long,False,2026-08-03 13:30:00+00:00,2026-08-03 15:30:00+00:00,462.485,479.06,False,0.035839000183789826,0.035217683178781156,0.007738595578326457,0.02810040460546337
CAT_1785762529_0,CAT,SentRule,long,False,2026-08-03 13:30:00+00:00,2026-08-03 15:35:00+00:00,810.665,822.8,False,0.014969191959687489,0.01436039308417425,0.007805307609174195,0.007163884350513294
BA_1785763080_0,BA,SentRule,long,False,2026-08-03 13:30:00+00:00,2026-08-03 15:37:00+00:00,220.1,226.66,False,0.02980463425715585,0.029186936785843054,0.007845334827682793,0.021959299429473056
BA_1785763785_0,BA,SentRule,long,False,2026-08-03 13:30:00+00:00,2026-08-03 15:37:00+00:00,220.1,226.66,False,0.02980463425715585,0.029186936785843054,0.007845334827682793,0.021959299429473056
MSFT_1785763800_0,MSFT,SentRule,long,False,2026-08-03 13:30:00+00:00,2026-08-03 15:30:00+00:00,476.4,485.775,False,0.01967884130982367,0.019067217492183097,0.007738595578326457,0.011940245731497212
AMZN_1785763824_0,AMZN,SentRule,short,False,2026-08-03 13:31:00+00:00,2026-08-03 15:31:00+00:00,279.03,284.65500386790194,True,-0.02015913653693846,-0.02077141570261043,0.007335778592864273,-0.012823357944074187
MSFT_1785763824_0,MSFT,SentRule,short,False,2026-08-03 13:31:00+00:00,2026-08-03 15:31:00+00:00,478.73,489.5838035291586,True,-0.02267207722340059,-0.023285864605949502,0.007335778592864273,-0.015336298630536316
AMZN_1785764254_0,AMZN,SentRule,long,False,2026-08-03 13:38:00+00:00,2026-08-03 15:38:00+00:00,285.855,285.94,False,0.00029735355337479064,-0.0003026448592333697,0.0052023736661432896,-0.004905020112768499
JNJ_1785764402_0,JNJ,SentRule,short,False,2026-08-03 13:41:00+00:00,2026-08-03 15:44:00+00:00,253.025,253.245,False,-0.0008694793004644374,-0.0014701811986141955,0.005348376195734472,0.004478896895270035
MSFT_1785764923_0,MSFT,SentRule,long,False,2026-08-03 13:49:00+00:00,2026-08-03 15:49:00+00:00,488.69,486.22,False,-0.0050543289201743224,-0.0056511172863122905,0.005572994254096519,-0.010627323174270842
CVX_1785765600_0,CVX,SentRule,long,False,2026-08-03 14:00:00+00:00,2026-08-03 16:11:00+00:00,194.07,194.87,False,0.004122223939815539,0.0035199312932456817,0.003145530559426568,0.000976693380388971
BAC_1785765600_0,BAC,SentRule,long,False,2026-08-03 14:00:00+00:00,2026-08-03 16:00:00+00:00,62.25,61.93434518047297,True,-0.005070760153044751,-0.0056675386633996405,0.0034707014400425784,-0.00854146159308733
JNJ_1785765877_0,JNJ,SentRule,long,False,2026-08-03 14:05:00+00:00,2026-08-03 16:20:00+00:00,251.88,252.5,False,0.0024614895982213447,0.0018601930934138977,0.003590461716121318,-0.0011289721178999734
CVX_1785766140_0,CVX,SentRule,long,False,2026-08-03 14:09:00+00:00,2026-08-03 16:21:00+00:00,194.685,194.86,False,0.0008988879471967248,0.0002985287221959343,0.0035235099733248454,-0.0026246220261281206
AAPL_1785766198_0,AAPL,SentRule,long,False,2026-08-03 14:10:00+00:00,2026-08-03 16:10:00+00:00,305.505,304.3,False,-0.003944288964173981,-0.00454174315453848,0.0030652866242038,-0.007009575588377781
GS_1785766970_0,GS,SentRule,short,False,2026-08-03 14:23:00+00:00,2026-08-03 17:15:00+00:00,1016.86,1011.08,False,0.005684164978463135,0.005087396446890824,0.0027436478587616886,0.008427812837224824
BA_1785767602_0,BA,SentRule,long,False,2026-08-03 14:34:00+00:00,2026-08-03 16:50:00+00:00,227.64,228.295,False,0.002877350202073359,0.002275804255736258,0.0025582736292359964,0.00031907657283736235
BA_1785769184_0,BA,SentRule,long,False,2026-08-03 15:00:00+00:00,2026-08-03 17:15:00+00:00,227.29,229.565,False,0.0100092392978135,0.00940341550137358,0.0015621690319846948,0.008447070265828804
META_1785769784_0,META,SentRule,short,False,2026-08-03 15:10:00+00:00,2026-08-03 17:10:00+00:00,591.55,593.28,False,-0.002924520327951985,-0.0035264556207363906,0.0020135383963226783,-0.0009109819316293066
CVX_1785770214_0,CVX,SentRule,short,False,2026-08-03 15:18:00+00:00,2026-08-03 17:47:00+00:00,195.08,193.735,False,0.006894607340578229,0.006298565292368052,0.0028597908115981507,0.00975439815217638
META_1785770323_0,META,SentRule,long,False,2026-08-03 15:19:00+00:00,2026-08-03 17:19:00+00:00,592.26,593.11,False,0.001435180495052979,0.0008344995910272157,0.0019064388648744046,-0.00047125836982142566
TSLA_1785772449_0,TSLA,SentRule,long,False,2026-08-03 15:55:00+00:00,2026-08-03 17:55:00+00:00,323.47,322.83,False,-0.001978545151018807,-0.002577178433943117,0.001983680918312025,-0.003962226069330832
AMD_1785772560_0,AMD,SentRule,long,False,2026-08-03 15:56:00+00:00,2026-08-03 18:04:00+00:00,480.25,489.575,False,0.019416970327954086,0.018805503585780148,0.002797526536820971,0.016619443791133115
META_1785772802_0,META,SentRule,long,False,2026-08-03 16:01:00+00:00,2026-08-03 18:01:00+00:00,592.4,590.105,False,-0.0038740715732612507,-0.004471567881424887,0.0022619945235922145,-0.006136066096853465
META_1785773082_0,META,SentRule,long,False,2026-08-03 16:05:00+00:00,2026-08-03 18:05:00+00:00,592.56,590.88,False,-0.0028351559335763055,-0.00343327540417504,0.0029761511091124238,-0.005811307042688729
AMZN_1785773082_0,AMZN,SentRule,long,False,2026-08-03 16:05:00+00:00,2026-08-03 18:05:00+00:00,285.23,283.69,False,-0.0053991515618975194,-0.005995733096499811,0.0029761511091124238,-0.008375302671009943
GOOGL_1785773280_0,GOOGL,SentRule,long,False,2026-08-03 16:08:00+00:00,2026-08-03 18:08:00+00:00,374.84,374.22,False,-0.0016540390566640584,-0.002252866984851387,0.0029696356409187885,-0.004623674697582847
MSFT_1785773280_0,MSFT,SentRule,long,False,2026-08-03 16:08:00+00:00,2026-08-03 18:08:00+00:00,486.96,489.04,False,0.004271398061442611,0.003669015937243003,0.0029696356409187885,0.001301762420523822
AAPL_1785773280_0,AAPL,SentRule,long,False,2026-08-03 16:08:00+00:00,2026-08-03 18:08:00+00:00,304.96,306.045,False,0.003557843651626591,0.002955889531671696,0.0029696356409187885,0.0005882080107078025
AMZN_1785773280_0,AMZN,SentRule,long,False,2026-08-03 16:08:00+00:00,2026-08-03 18:08:00+00:00,284.79,283.64,False,-0.004038063134239378,-0.0046354610769759885,0.0029696356409187885,-0.0070076987751581665
AMZN_1785773361_0,AMZN,SentRule,long,False,2026-08-03 16:10:00+00:00,2026-08-03 18:10:00+00:00,284.84,283.46,False,-0.004844825165004951,-0.005441739195696571,0.0031616893210306696,-0.00800651448603562
AMD_1785773770_0,AMD,SentRule,long,False,2026-08-03 16:17:00+00:00,2026-08-03 18:24:00+00:00,481.77,487.05,False,0.010959586524690312,0.010353192690925717,0.0023340694798925643,0.008625517044797748
TSLA_1785774037_0,TSLA,SentRule,short,False,2026-08-03 16:21:00+00:00,2026-08-03 18:21:00+00:00,322.88,322.35,False,0.0016414767096133431,0.0010422818371775833,0.002592266844774649,0.004233743554387992
JPM_1785774478_0,JPM,SentRule,long,False,2026-08-03 16:28:00+00:00,2026-08-03 18:57:00+00:00,352.695,351.245,False,-0.004111200895958178,-0.004708554969198531,0.0022341642044592103,-0.006345365100417388
BAC_1785774596_0,BAC,SentRule,long,False,2026-08-03 16:30:00+00:00,2026-08-03 18:32:00+00:00,61.96,62.235,False,0.004438347320852243,0.003835865057138843,0.0014275234450900065,0.0030108238757622363
TSLA_1785774606_0,TSLA,SentRule,long,False,2026-08-03 16:31:00+00:00,2026-08-03 18:31:00+00:00,321.86,321.145,False,-0.0022214627477786797,-0.002819950323857179,0.0014739221531161473,-0.003695384900894827
TSLA_1785774618_0,TSLA,SentRule,long,False,2026-08-03 16:31:00+00:00,2026-08-03 18:31:00+00:00,321.86,321.145,False,-0.0022214627477786797,-0.002819950323857179,0.0014739221531161473,-0.003695384900894827
BA_1785774780_0,BA,SentRule,short,False,2026-08-03 16:33:00+00:00,2026-08-03 18:38:00+00:00,227.735,230.48543310890255,True,-0.01207734036886099,-0.012684769001672036,0.0017449930596866725,-0.010332347309174317
AMZN_1785775049_0,AMZN,SentRule,long,False,2026-08-03 16:38:00+00:00,2026-08-03 18:38:00+00:00,284.61,282.58,False,-0.007132567372896359,-0.007728109169933384,0.0018641916547674775,-0.008996759027663837
META_1785775049_0,META,SentRule,long,False,2026-08-03 16:38:00+00:00,2026-08-03 18:38:00+00:00,596.69,590.9,False,-0.00970353114682676,-0.010297530828234258,0.0018641916547674775,-0.011567722801594238
MSFT_1785775049_0,MSFT,SentRule,long,False,2026-08-03 16:38:00+00:00,2026-08-03 18:38:00+00:00,487.62,491.22,False,0.007382798080472597,0.006778549676145662,0.0018641916547674775,0.005518606425705119
AMZN_1785775305_0,AMZN,SentRule,long,False,2026-08-03 16:42:00+00:00,2026-08-03 18:42:00+00:00,284.6,283.47,False,-0.00397048489107521,-0.004567923368597238,0.0021420637858993175,-0.006112548676974527
TSLA_1785775313_0,TSLA,SentRule,short,False,2026-08-03 16:42:00+00:00,2026-08-03 18:42:00+00:00,320.75,322.44,False,-0.005268901013250282,-0.005872243356561002,0.0021420637858993175,-0.003126837227350965
GOOGL_1785775408_0,GOOGL,SentRule,short,False,2026-08-03 16:44:00+00:00,2026-08-03 18:44:00+00:00,375.97,375.32,False,0.0017288613453202428,0.0011297189193996138,0.0021878511468040873,0.00391671249212433
BA_1785776187_0,BA,SentRule,long,False,2026-08-03 16:57:00+00:00,2026-08-03 19:02:00+00:00,228.06,232.095,False,0.01769271244409354,0.017082279946376566,0.0031011339967601526,0.014591578447333386
AMZN_1785776400_0,AMZN,SentRule,long,False,2026-08-03 17:00:00+00:00,2026-08-03 19:00:00+00:00,284.84,284.21,False,-0.002211768010110915,-0.002810261401287373,0.0026910870140173238,-0.004902855024128239
AMZN_1785776430_0,AMZN,SentRule,long,False,2026-08-03 17:01:00+00:00,2026-08-03 19:01:00+00:00,284.845,284.28,False,-0.001983534904948514,-0.0025821651949184954,0.003022047056645105,-0.005005581961593619
AAPL_1785776430_0,AAPL,SentRule,long,False,2026-08-03 17:01:00+00:00,2026-08-03 19:01:00+00:00,306.445,305.255,False,-0.003883241691004957,-0.004480732498747808,0.003022047056645105,-0.006905288747650062
GOOGL_1785776430_0,GOOGL,SentRule,long,False,2026-08-03 17:01:00+00:00,2026-08-03 19:01:00+00:00,375.795,375.435,False,-0.0009579691054963924,-0.0015572145503994772,0.003022047056645105,-0.0039800161621414976
BA_1785776866_0,BA,SentRule,long,False,2026-08-03 17:09:00+00:00,2026-08-03 19:13:00+00:00,228.82,232.945,False,0.018027270343501378,0.017416637171246974,0.002631683351627334,0.015395586991874044
BA_1785777000_0,BA,SentRule,long,False,2026-08-03 17:10:00+00:00,2026-08-03 19:14:00+00:00,228.9,232.905,False,0.017496723460026287,0.016886408520432106,0.002545471375017261,0.014951252085009026
AMZN_1785777031_0,AMZN,SentRule,long,False,2026-08-03 17:11:00+00:00,2026-08-03 19:11:00+00:00,284.545,283.205,False,-0.0047092726985188404,-0.0053062680362980785,0.002498446732851267,-0.007207719431370108
GOOGL_1785777031_0,GOOGL,SentRule,long,False,2026-08-03 17:11:00+00:00,2026-08-03 19:11:00+00:00,375.46,374.8,False,-0.0017578437117135026,-0.0023566093757872997,0.002498446732851267,-0.00425629044456477
AMZN_1785777829_0,AMZN,SentRule,long,False,2026-08-03 17:24:00+00:00,2026-08-03 19:24:00+00:00,283.91,284.38,False,0.0016554541932300992,0.0010546411646228382,0.001968477930587964,-0.0003130237373578648
PFE_1785778200_0,PFE,SentRule,long,False,2026-08-03 17:30:00+00:00,2026-08-03 19:32:00+00:00,24.885,25.025,False,0.005625879043600346,0.005022684474545125,0.0017501337366345737,0.003875745306965772
GOOGL_1785778249_0,GOOGL,SentRule,long,False,2026-08-03 17:31:00+00:00,2026-08-03 19:31:00+00:00,374.84,374.33,False,-0.0013605805143527272,-0.001959584464858888,0.0017302066342199662,-0.0030907871485726934
BA_1785778543_0,BA,SentRule,long,False,2026-08-03 17:36:00+00:00,2026-08-03 19:38:00+00:00,230.24,233.335,False,0.013442494788047155,0.012834611656113992,0.0008384111119179583,0.012604083676129196
BA_1785779157_0,BA,SentRule,long,False,2026-08-03 17:46:00+00:00,2026-08-03 19:48:00+00:00,230.745,233.435,False,0.011657890745194965,0.011051078054554964,0.0008845585128853806,0.010773332232309585
AAPL_1785779596_0,AAPL,SentRule,short,False,2026-08-03 17:54:00+00:00,2026-08-03 19:54:00+00:00,305.925,303.405,False,0.00823731306692832,0.007642076883913607,0.0003168191358757788,0.008554132202804099
JNJ_1785780542_0,JNJ,SentRule,long,False,2026-08-03 18:10:00+00:00,2026-08-04 13:45:00+00:00,253.25,251.17,True,-0.008213228035538034,-0.008808121630638155,0.005433026736557656,-0.01364625477209569
BA_1785781299_0,BA,SentRule,long,False,2026-08-03 18:22:00+00:00,2026-08-04 13:54:00+00:00,231.38,233.46,False,0.008989541014780889,0.008384328853820344,0.00703073473156568,0.0019588062832152087
JPM_1785781307_0,JPM,SentRule,long,False,2026-08-03 18:22:00+00:00,2026-08-04 13:58:00+00:00,351.56,358.23,False,0.0189725793605644,0.0183613791730044,0.0067207492415248815,0.01225183011903952
CVX_1785781376_0,CVX,SentRule,short,False,2026-08-03 18:24:00+00:00,2026-08-04 14:05:00+00:00,192.94,189.2,False,0.019384264538198415,0.018795718533119787,0.008131904369332199,0.027516168907530614
CVX_1785781964_0,CVX,SentRule,short,False,2026-08-03 18:33:00+00:00,2026-08-04 14:12:00+00:00,193.06,189.1,False,0.02051175800269356,0.019923888696703362,0.009186178496951136,0.029697936499644695
XOM_1785781964_0,XOM,SentRule,short,False,2026-08-03 18:33:00+00:00,2026-08-04 14:14:00+00:00,154.75,151.58,False,0.02048465266558963,0.019896767091516776,0.009483145474223242,0.029967798139812873
META_1785782155_0,META,SentRule,short,False,2026-08-03 18:36:00+00:00,2026-08-04 14:06:00+00:00,590.085,584.775,False,0.008998703576603484,0.008403924364986048,0.008776444813978879,0.017775148390582363
BA_1785782244_0,BA,SentRule,long,False,2026-08-03 18:38:00+00:00,2026-08-04 14:12:00+00:00,232.2,235.095,False,0.01246770025839794,0.011860401827772149,0.009206158557107935,0.003261541701290005
CVX_1785783221_0,CVX,SentRule,short,False,2026-08-03 18:54:00+00:00,2026-08-04 14:32:00+00:00,192.95,189.63,False,0.01720653018916818,0.016616677151370385,0.00857248364633878,0.02577901383550696
CVX_1785783382_0,CVX,SentRule,short,False,2026-08-03 18:58:00+00:00,2026-08-04 14:35:00+00:00,192.53,190.18,False,0.012205889991170227,0.011613035668868177,0.009154223605761569,0.021360113596931796
AAPL_1785783929_0,AAPL,SentRule,short,False,2026-08-03 19:06:00+00:00,2026-08-04 14:36:00+00:00,305.46,306.335,False,-0.002864532180973045,-0.0034664314700683097,0.008590566858740267,0.005726034677767222
XOM_1785784512_0,XOM,SentRule,short,False,2026-08-03 19:16:00+00:00,2026-08-04 14:50:00+00:00,154.53,153.5,False,0.006665372419594862,0.006069192789157518,0.009804955887589228,0.01647032830718409
CVX_1785784512_0,CVX,SentRule,short,False,2026-08-03 19:16:00+00:00,2026-08-04 14:53:00+00:00,192.58,191.13,False,0.007529338456745305,0.006933677361490864,0.00996320668873385,0.017492545145479155
AMZN_1785784604_0,AMZN,SentRule,long,False,2026-08-03 19:17:00+00:00,2026-08-04 14:47:00+00:00,283.525,276.22,True,-0.025764923728066158,-0.026349289464108416,0.009930630654392925,-0.03569555438245908
BA_1785784727_0,BA,SentRule,long,False,2026-08-03 19:19:00+00:00,2026-08-04 14:58:00+00:00,232.37,236.975,False,0.019817532383698433,0.0192058253763705,0.010371542544423518,0.009445989839274915
GOOGL_1785784800_0,GOOGL,SentRule,short,False,2026-08-03 19:20:00+00:00,2026-08-04 14:50:00+00:00,374.555,374.83,False,-0.0007342045894460636,-0.0013348252984124453,0.009725060987670675,0.008990856398224611
BA_1785785947_0,BA,SentRule,long,False,2026-08-03 19:40:00+00:00,2026-08-04 15:22:00+00:00,233.41,235.08,False,0.007154791996915266,0.006550680355209781,0.012269129287598934,-0.005114337290683668
BA_1785786009_0,BA,SentRule,long,False,2026-08-03 19:41:00+00:00,2026-08-04 15:23:00+00:00,233.54,235.3,False,0.007536182238588651,0.006931841831367969,0.012617984420450146,-0.0050818021818614945
XOM_1785786083_0,XOM,SentRule,short,False,2026-08-03 19:42:00+00:00,2026-08-04 15:17:00+00:00,154.665,152.65,False,0.013028157631008841,0.012435796817343303,0.012151517950206525,0.025179675581215366
CVX_1785786083_0,CVX,SentRule,short,False,2026-08-03 19:42:00+00:00,2026-08-04 15:24:00+00:00,192.88,190.56,False,0.012028204064703396,0.011435243098852577,0.012949744699378707,0.024977948764082103
AMD_1785786360_0,AMD,SentRule,long,False,2026-08-03 19:46:00+00:00,2026-08-04 15:16:00+00:00,485.54,518.96,False,0.06883058038472623,0.0681894743683007,0.011983274856886661,0.056847305527839564
AMZN_1785786554_0,AMZN,SentRule,long,False,2026-08-03 19:50:00+00:00,2026-08-04 15:20:00+00:00,285.51,276.22,True,-0.03253826485937428,-0.03311856780957345,0.01213464176427137,-0.04467290662364565
MSFT_1785786554_0,MSFT,SentRule,long,False,2026-08-03 19:50:00+00:00,2026-08-04 15:20:00+00:00,488.22,480.3143881085958,True,-0.016192724368940703,-0.01678283170211936,0.01213464176427137,-0.028327366133212073
HON_1785787800_0,HON,SentRule,long,False,2026-08-04 13:32:00+00:00,2026-08-04 17:50:00+00:00,248.8,246.23,True,-0.010329581993569259,-0.010923206157123944,0.013793873183029826,-0.024123455176599085
META_1785788012_0,META,SentRule,long,False,2026-08-04 13:30:00+00:00,2026-08-04 15:30:00+00:00,581.635,583.085,False,0.002492972396778148,0.001891657007956793,0.008992545652945605,-0.006499573256167457
XOM_1785788178_0,XOM,SentRule,short,False,2026-08-04 13:30:00+00:00,2026-08-04 15:35:00+00:00,151.95,153.32953113340517,True,-0.009078849183318027,-0.009684478181527512,0.008920237171818002,-0.00015861201150002557
CVX_1785788178_0,CVX,SentRule,short,False,2026-08-04 13:31:00+00:00,2026-08-04 15:42:00+00:00,189.5,191.09,True,-0.008390501319261334,-0.00899571718481229,0.008694852699738576,0.0003043513804772413
META_1785788726_0,META,SentRule,short,False,2026-08-04 13:30:00+00:00,2026-08-04 15:30:00+00:00,581.635,583.085,False,-0.002492972396778148,-0.0030946486831018305,0.008992545652945605,0.006499573256167457
NVDA_1785789060_0,NVDA,SentRule,short,False,2026-08-04 13:30:00+00:00,2026-08-04 15:30:00+00:00,211.49,209.91,False,0.007470802402004928,0.006875106174577872,0.008992545652945605,0.016463348054950533
AMZN_1785789210_0,AMZN,SentRule,long,False,2026-08-04 13:30:00+00:00,2026-08-04 15:30:00+00:00,276.22,278.41,False,0.007928462819491777,0.007323887114511596,0.008992545652945605,-0.0010640828334538277
BA_1785789210_0,BA,SentRule,long,False,2026-08-04 13:30:00+00:00,2026-08-04 15:45:00+00:00,236.52,233.18,True,-0.014121427363436467,-0.014712777102096841,0.010287524814956095,-0.024408952178392562
MSFT_1785789253_0,MSFT,SentRule,long,False,2026-08-04 13:30:00+00:00,2026-08-04 15:30:00+00:00,480.755,498.35,False,0.03659868332102634,0.035976910642837145,0.008992545652945605,0.027606137668080732
TSLA_1785789412_0,TSLA,SentRule,long,False,2026-08-04 13:30:00+00:00,2026-08-04 15:30:00+00:00,324.03,323.96,False,-0.00021602937999565253,-0.0008157198552249945,0.008992545652945605,-0.009208575032941257
AMD_1785789564_0,AMD,SentRule,long,False,2026-08-04 13:30:00+00:00,2026-08-04 15:30:00+00:00,504.62,518.97,False,0.02843723990329372,0.027820362622535955,0.008992545652945605,0.019444694250348116
AAPL_1785789709_0,AAPL,SentRule,short,False,2026-08-04 13:30:00+00:00,2026-08-04 15:30:00+00:00,302.73,305.75,False,-0.009975886103128051,-0.010582053485004517,0.008992545652945605,-0.000983340450182446
AMZN_1785789867_0,AMZN,SentRule,long,False,2026-08-04 13:30:00+00:00,2026-08-04 15:30:00+00:00,276.22,278.41,False,0.007928462819491777,0.007323887114511596,0.008992545652945605,-0.0010640828334538277
XOM_1785789870_0,XOM,SentRule,short,False,2026-08-04 13:30:00+00:00,2026-08-04 15:35:00+00:00,151.95,153.32953113340517,True,-0.009078849183318027,-0.009684478181527512,0.008920237171818002,-0.00015861201150002557
CVX_1785789870_0,CVX,SentRule,short,False,2026-08-04 13:31:00+00:00,2026-08-04 15:42:00+00:00,189.5,191.09,True,-0.008390501319261334,-0.00899571718481229,0.008694852699738576,0.0003043513804772413
MSFT_1785790200_0,MSFT,SentRule,long,False,2026-08-04 13:30:00+00:00,2026-08-04 15:30:00+00:00,480.755,498.35,False,0.03659868332102634,0.035976910642837145,0.008992545652945605,0.027606137668080732
AAPL_1785790200_0,AAPL,SentRule,long,False,2026-08-04 13:30:00+00:00,2026-08-04 15:30:00+00:00,302.73,305.75,False,0.009975886103128051,0.0093700823126035,0.008992545652945605,0.000983340450182446
AMD_1785792600_0,AMD,SentRule,long,False,2026-08-04 13:30:00+00:00,2026-08-04 15:30:00+00:00,504.62,518.97,False,0.02843723990329372,0.027820362622535955,0.008992545652945605,0.019444694250348116
GOOGL_1785792600_0,GOOGL,SentRule,short,False,2026-08-04 13:30:00+00:00,2026-08-04 15:30:00+00:00,367.5,373.0741981473053,True,-0.015167886115116547,-0.015777169631840504,0.008992545652945605,-0.006175340462170942
AMD_1785792790_0,AMD,SentRule,long,False,2026-08-04 13:30:00+00:00,2026-08-04 15:30:00+00:00,504.62,518.97,False,0.02843723990329372,0.027820362622535955,0.008992545652945605,0.019444694250348116
CVX_1785792790_0,CVX,SentRule,long,False,2026-08-04 13:31:00+00:00,2026-08-04 15:42:00+00:00,189.5,188.01448391128466,True,-0.00783913503279865,-0.008434253016383786,0.008694852699738576,-0.016533987732537225
XOM_1785792790_0,XOM,SentRule,long,False,2026-08-04 13:30:00+00:00,2026-08-04 15:35:00+00:00,151.95,149.66,True,-0.015070746956235559,-0.015661527273966303,0.008920237171818002,-0.02399098412805356
BA_1785792790_0,BA,SentRule,long,False,2026-08-04 13:30:00+00:00,2026-08-04 15:45:00+00:00,236.52,233.18,True,-0.014121427363436467,-0.014712777102096841,0.010287524814956095,-0.024408952178392562
NVDA_1785792960_0,NVDA,SentRule,long,False,2026-08-04 13:30:00+00:00,2026-08-04 15:30:00+00:00,211.49,209.91,False,-0.007470802402004928,-0.008066141318888609,0.008992545652945605,-0.016463348054950533
UNH_1785794957_0,UNH,SentRule,long,False,2026-08-04 13:30:00+00:00,2026-08-04 15:34:00+00:00,414.39,411.65474894760735,True,-0.006600668578857216,-0.007196529419457587,0.008716458725004372,-0.015317127303861588
AAPL_1785795960_0,AAPL,SentRule,short,False,2026-08-04 13:30:00+00:00,2026-08-04 15:30:00+00:00,302.73,305.75,False,-0.009975886103128051,-0.010582053485004517,0.008992545652945605,-0.000983340450182446
NVDA_1785795960_0,NVDA,SentRule,short,False,2026-08-04 13:30:00+00:00,2026-08-04 15:30:00+00:00,211.49,209.91,False,0.007470802402004928,0.006875106174577872,0.008992545652945605,0.016463348054950533
TSLA_1785795960_0,TSLA,SentRule,short,False,2026-08-04 13:30:00+00:00,2026-08-04 15:30:00+00:00,324.03,323.96,False,0.00021602937999565253,-0.0003840210174954617,0.008992545652945605,0.009208575032941257
META_1785795960_0,META,SentRule,short,False,2026-08-04 13:30:00+00:00,2026-08-04 15:30:00+00:00,581.635,583.085,False,-0.002492972396778148,-0.0030946486831018305,0.008992545652945605,0.006499573256167457
MSFT_1785795960_0,MSFT,SentRule,short,False,2026-08-04 13:30:00+00:00,2026-08-04 15:30:00+00:00,480.755,488.3237016759326,True,-0.01574336548955846,-0.016352994397524467,0.008992545652945605,-0.0067508198366128536
GOOGL_1785795960_0,GOOGL,SentRule,short,False,2026-08-04 13:30:00+00:00,2026-08-04 15:30:00+00:00,367.5,373.0741981473053,True,-0.015167886115116547,-0.015777169631840504,0.008992545652945605,-0.006175340462170942
AMZN_1785795960_0,AMZN,SentRule,short,False,2026-08-04 13:30:00+00:00,2026-08-04 15:30:00+00:00,276.22,278.41,False,-0.007928462819491777,-0.008533401378751027,0.008992545652945605,0.0010640828334538277
CVX_1785797607_0,CVX,SentRule,short,False,2026-08-04 13:31:00+00:00,2026-08-04 15:42:00+00:00,189.5,191.09,True,-0.008390501319261334,-0.00899571718481229,0.008694852699738576,0.0003043513804772413
HD_1785798000_0,HD,SentRule,short,False,2026-08-04 13:30:00+00:00,2026-08-04 15:45:00+00:00,339.67,342.23513533889854,True,-0.007551845434976778,-0.008156557955993904,0.010287524814956095,0.0027356793799793166
PFE_1785798877_0,PFE,SentRule,short,False,2026-08-04 13:30:00+00:00,2026-08-04 15:31:00+00:00,24.95,25.105835210906083,True,-0.006245900236716784,-0.0068498289554743685,0.009051707137504472,0.0028058069007876885
TSLA_1785799802_0,TSLA,SentRule,long,False,2026-08-04 13:30:00+00:00,2026-08-04 15:30:00+00:00,324.03,323.96,False,-0.00021602937999565253,-0.0008157198552249945,0.008992545652945605,-0.009208575032941257
TSLA_1785800220_0,TSLA,SentRule,long,False,2026-08-04 13:30:00+00:00,2026-08-04 15:30:00+00:00,324.03,323.96,False,-0.00021602937999565253,-0.0008157198552249945,0.008992545652945605,-0.009208575032941257
BA_1785800909_0,BA,SentRule,long,False,2026-08-04 13:30:00+00:00,2026-08-04 15:45:00+00:00,236.52,233.18,True,-0.014121427363436467,-0.014712777102096841,0.010287524814956095,-0.024408952178392562
JPM_1785805964_0,JPM,SentRule,long,False,2026-08-04 13:30:00+00:00,2026-08-04 15:35:00+00:00,354.905,361.32,False,0.018075259576506353,0.01746459761934771,0.008920237171818002,0.009155022404688351
GS_1785805964_0,GS,SentRule,long,False,2026-08-04 13:30:00+00:00,2026-08-04 15:55:00+00:00,1049.65,1061.94,False,0.011708664793026236,0.01110182164709439,0.010320392306377713,0.001388272486648523
CVX_1785807121_0,CVX,SentRule,short,False,2026-08-04 13:31:00+00:00,2026-08-04 15:42:00+00:00,189.5,191.09,True,-0.008390501319261334,-0.00899571718481229,0.008694852699738576,0.0003043513804772413
XOM_1785807121_0,XOM,SentRule,short,False,2026-08-04 13:30:00+00:00,2026-08-04 15:35:00+00:00,151.95,153.32953113340517,True,-0.009078849183318027,-0.009684478181527512,0.008920237171818002,-0.00015861201150002557
GOOGL_1785809820_0,GOOGL,SentRule,short,False,2026-08-04 13:30:00+00:00,2026-08-04 15:30:00+00:00,367.5,373.0741981473053,True,-0.015167886115116547,-0.015777169631840504,0.008992545652945605,-0.006175340462170942
TSLA_1785810062_0,TSLA,SentRule,long,False,2026-08-04 13:30:00+00:00,2026-08-04 15:30:00+00:00,324.03,323.96,False,-0.00021602937999565253,-0.0008157198552249945,0.008992545652945605,-0.009208575032941257
AMZN_1785810081_0,AMZN,SentRule,short,False,2026-08-04 13:30:00+00:00,2026-08-04 15:30:00+00:00,276.22,278.41,False,-0.007928462819491777,-0.008533401378751027,0.008992545652945605,0.0010640828334538277
XOM_1785811667_0,XOM,SentRule,short,False,2026-08-04 13:30:00+00:00,2026-08-04 15:35:00+00:00,151.95,153.32953113340517,True,-0.009078849183318027,-0.009684478181527512,0.008920237171818002,-0.00015861201150002557
CVX_1785811667_0,CVX,SentRule,short,False,2026-08-04 13:31:00+00:00,2026-08-04 15:42:00+00:00,189.5,191.09,True,-0.008390501319261334,-0.00899571718481229,0.008694852699738576,0.0003043513804772413
TSLA_1785814217_0,TSLA,SentRule,short,False,2026-08-04 13:30:00+00:00,2026-08-04 15:30:00+00:00,324.03,323.96,False,0.00021602937999565253,-0.0003840210174954617,0.008992545652945605,0.009208575032941257
MSFT_1785820311_0,MSFT,SentRule,long,False,2026-08-04 13:30:00+00:00,2026-08-04 15:30:00+00:00,480.755,498.35,False,0.03659868332102634,0.035976910642837145,0.008992545652945605,0.027606137668080732
AAPL_1785824127_0,AAPL,SentRule,short,False,2026-08-04 13:30:00+00:00,2026-08-04 15:30:00+00:00,302.73,305.75,False,-0.009975886103128051,-0.010582053485004517,0.008992545652945605,-0.000983340450182446
WMT_1785824416_0,WMT,SentRule,short,False,2026-08-04 13:30:00+00:00,2026-08-04 15:30:00+00:00,109.005,109.75086773406801,True,-0.00684250937175368,-0.007446796163414149,0.008992545652945605,0.002150036281191925
BA_1785825057_0,BA,SentRule,long,False,2026-08-04 13:30:00+00:00,2026-08-04 15:45:00+00:00,236.52,233.18,True,-0.014121427363436467,-0.014712777102096841,0.010287524814956095,-0.024408952178392562
PFE_1785825945_0,PFE,SentRule,long,False,2026-08-04 13:30:00+00:00,2026-08-04 15:31:00+00:00,24.95,24.794164789093916,True,-0.006245900236716784,-0.006841973874483376,0.009051707137504472,-0.015297607374221256
PFE_1785826153_0,PFE,SentRule,long,False,2026-08-04 13:30:00+00:00,2026-08-04 15:31:00+00:00,24.95,24.794164789093916,True,-0.006245900236716784,-0.006841973874483376,0.009051707137504472,-0.015297607374221256
META_1785826200_0,META,SentRule,long,False,2026-08-04 13:30:00+00:00,2026-08-04 15:30:00+00:00,581.635,583.085,False,0.002492972396778148,0.001891657007956793,0.008992545652945605,-0.006499573256167457
AMD_1785826212_0,AMD,SentRule,long,False,2026-08-04 13:30:00+00:00,2026-08-04 15:30:00+00:00,504.62,518.97,False,0.02843723990329372,0.027820362622535955,0.008992545652945605,0.019444694250348116
AAPL_1785828223_0,AAPL,SentRule,long,False,2026-08-04 13:30:00+00:00,2026-08-04 15:30:00+00:00,302.73,305.75,False,0.009975886103128051,0.0093700823126035,0.008992545652945605,0.000983340450182446
AAPL_1785828600_0,AAPL,SentRule,short,False,2026-08-04 13:30:00+00:00,2026-08-04 15:30:00+00:00,302.73,305.75,False,-0.009975886103128051,-0.010582053485004517,0.008992545652945605,-0.000983340450182446
AMZN_1785829222_0,AMZN,SentRule,short,False,2026-08-04 13:30:00+00:00,2026-08-04 15:30:00+00:00,276.22,278.41,False,-0.007928462819491777,-0.008533401378751027,0.008992545652945605,0.0010640828334538277
MSFT_1785829222_0,MSFT,SentRule,short,False,2026-08-04 13:30:00+00:00,2026-08-04 15:30:00+00:00,480.755,488.3237016759326,True,-0.01574336548955846,-0.016352994397524467,0.008992545652945605,-0.0067508198366128536
AMZN_1785831023_0,AMZN,SentRule,short,False,2026-08-04 13:30:00+00:00,2026-08-04 15:30:00+00:00,276.22,278.41,False,-0.007928462819491777,-0.008533401378751027,0.008992545652945605,0.0010640828334538277
AAPL_1785832196_0,AAPL,SentRule,short,False,2026-08-04 13:30:00+00:00,2026-08-04 15:30:00+00:00,302.73,305.75,False,-0.009975886103128051,-0.010582053485004517,0.008992545652945605,-0.000983340450182446
MSFT_1785832200_0,MSFT,SentRule,short,False,2026-08-04 13:30:00+00:00,2026-08-04 15:30:00+00:00,480.755,488.3237016759326,True,-0.01574336548955846,-0.016352994397524467,0.008992545652945605,-0.0067508198366128536
AAPL_1785832810_0,AAPL,SentRule,short,False,2026-08-04 13:30:00+00:00,2026-08-04 15:30:00+00:00,302.73,305.75,False,-0.009975886103128051,-0.010582053485004517,0.008992545652945605,-0.000983340450182446
CAT_1785833110_0,CAT,SentRule,short,False,2026-08-04 13:31:00+00:00,2026-08-04 15:32:00+00:00,927.835,876.82,False,0.05498283638793533,0.05441565593563247,0.007965903568567079,0.06294873995650241
GS_1785833227_0,GS,SentRule,short,False,2026-08-04 13:30:00+00:00,2026-08-04 15:55:00+00:00,1049.65,1058.66,True,-0.00858381365216987,-0.009189145539927335,0.010320392306377713,0.0017365786542078432
CAT_1785834754_0,CAT,SentRule,long,False,2026-08-04 13:31:00+00:00,2026-08-04 15:32:00+00:00,927.835,915.9122481576442,True,-0.012850077699543383,-0.013442190019227751,0.007965903568567079,-0.02081598126811046
META_1785834900_0,META,SentRule,long,False,2026-08-04 13:30:00+00:00,2026-08-04 15:30:00+00:00,581.635,583.085,False,0.002492972396778148,0.001891657007956793,0.008992545652945605,-0.006499573256167457
PFE_1785836511_0,PFE,SentRule,long,False,2026-08-04 13:30:00+00:00,2026-08-04 15:31:00+00:00,24.95,24.794164789093916,True,-0.006245900236716784,-0.006841973874483376,0.009051707137504472,-0.015297607374221256
NVDA_1785837000_0,NVDA,SentRule,long,False,2026-08-04 13:30:00+00:00,2026-08-04 15:30:00+00:00,211.49,209.91,False,-0.007470802402004928,-0.008066141318888609,0.008992545652945605,-0.016463348054950533
GS_1785837048_0,GS,SentRule,long,False,2026-08-04 13:30:00+00:00,2026-08-04 15:55:00+00:00,1049.65,1061.94,False,0.011708664793026236,0.01110182164709439,0.010320392306377713,0.001388272486648523
CAT_1785837651_0,CAT,SentRule,long,False,2026-08-04 13:31:00+00:00,2026-08-04 15:32:00+00:00,927.835,915.9122481576442,True,-0.012850077699543383,-0.013442190019227751,0.007965903568567079,-0.02081598126811046
AMD_1785837900_0,AMD,SentRule,long,False,2026-08-04 13:30:00+00:00,2026-08-04 15:30:00+00:00,504.62,518.97,False,0.02843723990329372,0.027820362622535955,0.008992545652945605,0.019444694250348116
AAPL_1785838785_0,AAPL,SentRule,short,False,2026-08-04 13:30:00+00:00,2026-08-04 15:30:00+00:00,302.73,305.75,False,-0.009975886103128051,-0.010582053485004517,0.008992545652945605,-0.000983340450182446
AAPL_1785838800_0,AAPL,SentRule,short,False,2026-08-04 13:30:00+00:00,2026-08-04 15:30:00+00:00,302.73,305.75,False,-0.009975886103128051,-0.010582053485004517,0.008992545652945605,-0.000983340450182446
NVDA_1785839400_0,NVDA,SentRule,long,False,2026-08-04 13:30:00+00:00,2026-08-04 15:30:00+00:00,211.49,209.91,False,-0.007470802402004928,-0.008066141318888609,0.008992545652945605,-0.016463348054950533
GOOGL_1785839400_0,GOOGL,SentRule,short,False,2026-08-04 13:30:00+00:00,2026-08-04 15:30:00+00:00,367.5,373.0741981473053,True,-0.015167886115116547,-0.015777169631840504,0.008992545652945605,-0.006175340462170942
GS_1785839918_0,GS,SentRule,long,False,2026-08-04 13:30:00+00:00,2026-08-04 15:55:00+00:00,1049.65,1061.94,False,0.011708664793026236,0.01110182164709439,0.010320392306377713,0.001388272486648523
PFE_1785840300_0,PFE,SentRule,long,False,2026-08-04 13:30:00+00:00,2026-08-04 15:31:00+00:00,24.95,24.794164789093916,True,-0.006245900236716784,-0.006841973874483376,0.009051707137504472,-0.015297607374221256
TSLA_1785840332_0,TSLA,SentRule,short,False,2026-08-04 13:30:00+00:00,2026-08-04 15:30:00+00:00,324.03,323.96,False,0.00021602937999565253,-0.0003840210174954617,0.008992545652945605,0.009208575032941257
WMT_1785840406_0,WMT,SentRule,short,False,2026-08-04 13:30:00+00:00,2026-08-04 15:30:00+00:00,109.005,109.75086773406801,True,-0.00684250937175368,-0.007446796163414149,0.008992545652945605,0.002150036281191925
AAPL_1785840625_0,AAPL,SentRule,short,False,2026-08-04 13:30:00+00:00,2026-08-04 15:30:00+00:00,302.73,305.75,False,-0.009975886103128051,-0.010582053485004517,0.008992545652945605,-0.000983340450182446
WMT_1785840716_0,WMT,SentRule,short,False,2026-08-04 13:30:00+00:00,2026-08-04 15:30:00+00:00,109.005,109.75086773406801,True,-0.00684250937175368,-0.007446796163414149,0.008992545652945605,0.002150036281191925
CAT_1785840960_0,CAT,SentRule,short,False,2026-08-04 13:31:00+00:00,2026-08-04 15:32:00+00:00,927.835,876.82,False,0.05498283638793533,0.05441565593563247,0.007965903568567079,0.06294873995650241
AMZN_1785841219_0,AMZN,SentRule,long,False,2026-08-04 13:30:00+00:00,2026-08-04 15:30:00+00:00,276.22,278.41,False,0.007928462819491777,0.007323887114511596,0.008992545652945605,-0.0010640828334538277
AMZN_1785841421_0,AMZN,SentRule,short,False,2026-08-04 13:30:00+00:00,2026-08-04 15:30:00+00:00,276.22,278.41,False,-0.007928462819491777,-0.008533401378751027,0.008992545652945605,0.0010640828334538277
NVDA_1785841909_0,NVDA,SentRule,long,False,2026-08-04 13:30:00+00:00,2026-08-04 15:30:00+00:00,211.49,209.91,False,-0.007470802402004928,-0.008066141318888609,0.008992545652945605,-0.016463348054950533
PFE_1785841920_0,PFE,SentRule,short,False,2026-08-04 13:30:00+00:00,2026-08-04 15:31:00+00:00,24.95,25.105835210906083,True,-0.006245900236716784,-0.0068498289554743685,0.009051707137504472,0.0028058069007876885
AMZN_1785841965_0,AMZN,SentRule,short,False,2026-08-04 13:30:00+00:00,2026-08-04 15:30:00+00:00,276.22,278.41,False,-0.007928462819491777,-0.008533401378751027,0.008992545652945605,0.0010640828334538277
CAT_1785841994_0,CAT,SentRule,long,False,2026-08-04 13:31:00+00:00,2026-08-04 15:32:00+00:00,927.835,915.9122481576442,True,-0.012850077699543383,-0.013442190019227751,0.007965903568567079,-0.02081598126811046
CAT_1785842212_0,CAT,SentRule,long,False,2026-08-04 13:31:00+00:00,2026-08-04 15:32:00+00:00,927.835,915.9122481576442,True,-0.012850077699543383,-0.013442190019227751,0.007965903568567079,-0.02081598126811046
CAT_1785842594_0,CAT,SentRule,long,False,2026-08-04 13:31:00+00:00,2026-08-04 15:32:00+00:00,927.835,915.9122481576442,True,-0.012850077699543383,-0.013442190019227751,0.007965903568567079,-0.02081598126811046
META_1785843000_0,META,SentRule,long,False,2026-08-04 13:30:00+00:00,2026-08-04 15:30:00+00:00,581.635,583.085,False,0.002492972396778148,0.001891657007956793,0.008992545652945605,-0.006499573256167457
AMZN_1785843300_0,AMZN,SentRule,long,False,2026-08-04 13:30:00+00:00,2026-08-04 15:30:00+00:00,276.22,278.41,False,0.007928462819491777,0.007323887114511596,0.008992545652945605,-0.0010640828334538277
GS_1785843600_0,GS,SentRule,long,False,2026-08-04 13:30:00+00:00,2026-08-04 15:55:00+00:00,1049.65,1061.94,False,0.011708664793026236,0.01110182164709439,0.010320392306377713,0.001388272486648523
CAT_1785843601_0,CAT,SentRule,long,False,2026-08-04 13:31:00+00:00,2026-08-04 15:32:00+00:00,927.835,915.9122481576442,True,-0.012850077699543383,-0.013442190019227751,0.007965903568567079,-0.02081598126811046
AAPL_1785844432_0,AAPL,SentRule,long,False,2026-08-04 13:30:00+00:00,2026-08-04 15:30:00+00:00,302.73,305.75,False,0.009975886103128051,0.0093700823126035,0.008992545652945605,0.000983340450182446
MSFT_1785844432_0,MSFT,SentRule,long,False,2026-08-04 13:30:00+00:00,2026-08-04 15:30:00+00:00,480.755,498.35,False,0.03659868332102634,0.035976910642837145,0.008992545652945605,0.027606137668080732
AMZN_1785844834_0,AMZN,SentRule,long,False,2026-08-04 13:30:00+00:00,2026-08-04 15:30:00+00:00,276.22,278.41,False,0.007928462819491777,0.007323887114511596,0.008992545652945605,-0.0010640828334538277
CAT_1785844834_0,CAT,SentRule,long,False,2026-08-04 13:31:00+00:00,2026-08-04 15:32:00+00:00,927.835,915.9122481576442,True,-0.012850077699543383,-0.013442190019227751,0.007965903568567079,-0.02081598126811046
CAT_1785845299_0,CAT,SentRule,long,False,2026-08-04 13:31:00+00:00,2026-08-04 15:32:00+00:00,927.835,915.9122481576442,True,-0.012850077699543383,-0.013442190019227751,0.007965903568567079,-0.02081598126811046
CAT_1785845340_0,CAT,SentRule,long,False,2026-08-04 13:31:00+00:00,2026-08-04 15:32:00+00:00,927.835,915.9122481576442,True,-0.012850077699543383,-0.013442190019227751,0.007965903568567079,-0.02081598126811046
TSLA_1785845537_0,TSLA,SentRule,long,False,2026-08-04 13:30:00+00:00,2026-08-04 15:30:00+00:00,324.03,323.96,False,-0.00021602937999565253,-0.0008157198552249945,0.008992545652945605,-0.009208575032941257
PFE_1785845606_0,PFE,SentRule,long,False,2026-08-04 13:30:00+00:00,2026-08-04 15:31:00+00:00,24.95,24.794164789093916,True,-0.006245900236716784,-0.006841973874483376,0.009051707137504472,-0.015297607374221256
PFE_1785845640_0,PFE,SentRule,long,False,2026-08-04 13:30:00+00:00,2026-08-04 15:31:00+00:00,24.95,24.794164789093916,True,-0.006245900236716784,-0.006841973874483376,0.009051707137504472,-0.015297607374221256
AMD_1785845701_0,AMD,SentRule,long,False,2026-08-04 13:30:00+00:00,2026-08-04 15:30:00+00:00,504.62,518.97,False,0.02843723990329372,0.027820362622535955,0.008992545652945605,0.019444694250348116
JPM_1785845828_0,JPM,SentRule,short,False,2026-08-04 13:30:00+00:00,2026-08-04 15:35:00+00:00,354.905,356.78875473962444,True,-0.00530777176885211,-0.0059111374416152,0.008920237171818002,0.003612465402965892
CAT_1785845867_0,CAT,SentRule,long,False,2026-08-04 13:31:00+00:00,2026-08-04 15:32:00+00:00,927.835,915.9122481576442,True,-0.012850077699543383,-0.013442190019227751,0.007965903568567079,-0.02081598126811046
CVX_1785846514_0,CVX,SentRule,short,False,2026-08-04 13:31:00+00:00,2026-08-04 15:42:00+00:00,189.5,191.09,True,-0.008390501319261334,-0.00899571718481229,0.008694852699738576,0.0003043513804772413
XOM_1785846517_0,XOM,SentRule,long,False,2026-08-04 13:30:00+00:00,2026-08-04 15:35:00+00:00,151.95,149.66,True,-0.015070746956235559,-0.015661527273966303,0.008920237171818002,-0.02399098412805356
PFE_1785846975_0,PFE,SentRule,long,False,2026-08-04 13:30:00+00:00,2026-08-04 15:31:00+00:00,24.95,24.794164789093916,True,-0.006245900236716784,-0.006841973874483376,0.009051707137504472,-0.015297607374221256
CAT_1785847436_0,CAT,SentRule,long,False,2026-08-04 13:31:00+00:00,2026-08-04 15:32:00+00:00,927.835,915.9122481576442,True,-0.012850077699543383,-0.013442190019227751,0.007965903568567079,-0.02081598126811046
WMT_1785847553_0,WMT,SentRule,short,False,2026-08-04 13:30:00+00:00,2026-08-04 15:30:00+00:00,109.005,109.75086773406801,True,-0.00684250937175368,-0.007446796163414149,0.008992545652945605,0.002150036281191925
JPM_1785847620_0,JPM,SentRule,long,False,2026-08-04 13:30:00+00:00,2026-08-04 15:35:00+00:00,354.905,361.32,False,0.018075259576506353,0.01746459761934771,0.008920237171818002,0.009155022404688351
PFE_1785847740_0,PFE,SentRule,long,False,2026-08-04 13:30:00+00:00,2026-08-04 15:31:00+00:00,24.95,24.794164789093916,True,-0.006245900236716784,-0.006841973874483376,0.009051707137504472,-0.015297607374221256
PFE_1785847980_0,PFE,SentRule,short,False,2026-08-04 13:30:00+00:00,2026-08-04 15:31:00+00:00,24.95,25.105835210906083,True,-0.006245900236716784,-0.0068498289554743685,0.009051707137504472,0.0028058069007876885
JPM_1785848372_0,JPM,SentRule,long,False,2026-08-04 13:30:00+00:00,2026-08-04 15:35:00+00:00,354.905,361.32,False,0.018075259576506353,0.01746459761934771,0.008920237171818002,0.009155022404688351
PFE_1785848633_0,PFE,SentRule,short,False,2026-08-04 13:30:00+00:00,2026-08-04 15:31:00+00:00,24.95,25.105835210906083,True,-0.006245900236716784,-0.0068498289554743685,0.009051707137504472,0.0028058069007876885
CAT_1785848871_0,CAT,SentRule,long,False,2026-08-04 13:31:00+00:00,2026-08-04 15:32:00+00:00,927.835,915.9122481576442,True,-0.012850077699543383,-0.013442190019227751,0.007965903568567079,-0.02081598126811046
WMT_1785849115_0,WMT,SentRule,long,False,2026-08-04 13:30:00+00:00,2026-08-04 15:30:00+00:00,109.005,109.89,False,0.008118893628732637,0.00751420369953415,0.008992545652945605,-0.0008736520242129675
AMZN_1785849115_0,AMZN,SentRule,long,False,2026-08-04 13:30:00+00:00,2026-08-04 15:30:00+00:00,276.22,278.41,False,0.007928462819491777,0.007323887114511596,0.008992545652945605,-0.0010640828334538277
NFLX_1785849663_0,NFLX,SentRule,short,False,2026-08-04 13:30:00+00:00,2026-08-04 15:30:00+00:00,72.52,73.20256445232573,True,-0.009412085663620173,-0.010017914663718264,0.008992545652945605,-0.00041954001067456836
META_1785849836_0,META,SentRule,short,False,2026-08-04 13:30:00+00:00,2026-08-04 15:30:00+00:00,581.635,583.085,False,-0.002492972396778148,-0.0030946486831018305,0.008992545652945605,0.006499573256167457
AAPL_1785850201_0,AAPL,SentRule,short,False,2026-08-04 13:31:00+00:00,2026-08-04 15:31:00+00:00,303.73,305.64,False,-0.0062884798999109925,-0.006892434174132989,0.00807097731720452,0.001782497417293527
META_1785850500_0,META,SentRule,long,False,2026-08-04 13:35:00+00:00,2026-08-04 15:35:00+00:00,583.81,583.2,False,-0.0010448604854317312,-0.0016440538111425207,0.007350866023903224,-0.008395726509334955
TSLA_1785850503_0,TSLA,SentRule,short,False,2026-08-04 13:36:00+00:00,2026-08-04 15:36:00+00:00,325.69,323.19,False,0.007676010930639521,0.007080437865278344,0.007006494784491224,0.014682505715130745
NFLX_1785850770_0,NFLX,SentRule,long,False,2026-08-04 13:40:00+00:00,2026-08-04 15:40:00+00:00,73.11,73.04,False,-0.0009574613595950687,-0.0015567071090545337,0.007579038544824668,-0.008536499904419736
BAC_1785850920_0,BAC,SentRule,long,False,2026-08-04 13:42:00+00:00,2026-08-04 15:42:00+00:00,62.69,63.34,False,0.010368479821343257,0.00976244054523323,0.007788151773822083,0.0025803280475211743
WMT_1785851061_0,WMT,SentRule,short,False,2026-08-04 13:45:00+00:00,2026-08-04 15:45:00+00:00,109.19,109.93713359830178,True,-0.00684250937175368,-0.007446796163414149,0.008332185197577724,0.001489675825824044
AAPL_1785851247_0,AAPL,SentRule,short,False,2026-08-04 13:48:00+00:00,2026-08-04 15:48:00+00:00,304.565,306.5,False,-0.006353323592664939,-0.006957316784778067,0.008726919594230997,0.0023735960015660584
CAT_1785851335_0,CAT,SentRule,long,False,2026-08-04 13:49:00+00:00,2026-08-04 15:50:00+00:00,905.235,893.6026599136538,True,-0.012850077699543383,-0.013442190019227751,0.008592643123261912,-0.021442720822805295
PFE_1785851385_0,PFE,SentRule,long,False,2026-08-04 13:50:00+00:00,2026-08-04 15:50:00+00:00,24.91,25.46,False,0.022079486150140548,0.021466422377582228,0.008288415889627698,0.01379107026051285
TSLA_1785851686_0,TSLA,SentRule,long,False,2026-08-04 13:55:00+00:00,2026-08-04 15:55:00+00:00,322.77,324.83,False,0.006382253617126743,0.005778605359433753,0.006661033933939908,-0.0002787803168131653
CAT_1785851931_0,CAT,SentRule,long,False,2026-08-04 13:59:00+00:00,2026-08-04 16:01:00+00:00,883.99,872.6306598143806,True,-0.012850077699543494,-0.013442190019227751,0.007311129163281693,-0.020161206862825187
AMZN_1785852360_0,AMZN,SentRule,short,False,2026-08-04 14:06:00+00:00,2026-08-04 16:06:00+00:00,277.3,277.76,False,-0.0016588532275512158,-0.002260028892187238,0.005560643726285397,0.003901790498734181
CAT_1785852540_0,CAT,SentRule,long,False,2026-08-04 14:09:00+00:00,2026-08-04 16:11:00+00:00,881.42,884.36,False,0.003335526763631469,0.0027337059938041808,0.004924723025205635,-0.0015891962615741662
META_1785852556_0,META,SentRule,long,False,2026-08-04 14:10:00+00:00,2026-08-04 16:10:00+00:00,583.295,583.5,False,0.00035145166682393203,-0.0002485791949174976,0.005462264582938081,-0.005110812916114149
META_1785853020_0,META,SentRule,long,False,2026-08-04 14:17:00+00:00,2026-08-04 16:17:00+00:00,583.75,582.775,False,-0.0016702355460386231,-0.0022690537592469084,0.0048176232187215895,-0.006487858764760213
PFE_1785853202_0,PFE,SentRule,short,False,2026-08-04 14:21:00+00:00,2026-08-04 16:21:00+00:00,24.985,25.1528870468235,True,-0.0067195135810886875,-0.007323726553128962,0.005485022423870056,-0.0012344911572186312
GOOGL_1785853254_0,GOOGL,SentRule,long,False,2026-08-04 14:21:00+00:00,2026-08-04 16:21:00+00:00,377.325,375.67,False,-0.00438613926986009,-0.004983328429550404,0.005485022423870056,-0.009871161693730146
CAT_1785853494_0,CAT,SentRule,long,False,2026-08-04 14:25:00+00:00,2026-08-04 16:27:00+00:00,875.02,884.71,False,0.011074032593540784,0.01046757011272903,0.006384551478717082,0.0046894811148237014
PFE_1785853560_0,PFE,SentRule,long,False,2026-08-04 14:26:00+00:00,2026-08-04 16:26:00+00:00,24.94,25.49,False,0.022052927024859503,0.02143987918299728,0.005904160373472411,0.016148766651387092
MSFT_1785854116_0,MSFT,SentRule,short,False,2026-08-04 14:36:00+00:00,2026-08-04 16:36:00+00:00,496.555,495.925,False,0.001268741629829484,0.0006693230492332836,0.0059209494431955445,0.0071896910730250285
CAT_1785855066_0,CAT,SentRule,long,False,2026-08-04 14:52:00+00:00,2026-08-04 16:54:00+00:00,877.69,883.95,False,0.0071323588055007825,0.006528260619673265,0.005837604884260106,0.0012947539212406767
PFE_1785855413_0,PFE,SentRule,short,False,2026-08-04 14:57:00+00:00,2026-08-04 16:57:00+00:00,25.005,25.173021437095123,True,-0.0067195135810886875,-0.007323726553128962,0.005482885564345619,-0.0012366280167430688
GS_1785855540_0,GS,SentRule,long,False,2026-08-04 14:59:00+00:00,2026-08-04 17:27:00+00:00,1064.63,1060.15,False,-0.004208034716286391,-0.004805330706659561,0.006819501817446172,-0.011027536533732563
AAPL_1785855606_0,AAPL,SentRule,short,False,2026-08-04 15:01:00+00:00,2026-08-04 17:01:00+00:00,305.93,308.83,False,-0.00947929264864511,-0.010085161985035063,0.005977707588295189,-0.003501585060349921
AMZN_1785855865_0,AMZN,SentRule,short,False,2026-08-04 15:05:00+00:00,2026-08-04 17:05:00+00:00,277.43,278.86,False,-0.005154453375626256,-0.005757727029747972,0.005346477844717423,0.00019202446909116766
MSFT_1785856500_0,MSFT,SentRule,long,False,2026-08-04 15:15:00+00:00,2026-08-04 17:15:00+00:00,496.08,495.37,False,-0.0014312207708433444,-0.0020301823499070393,0.005835028425389854,-0.007266249196233199
TSLA_1785856709_0,TSLA,SentRule,short,False,2026-08-04 15:19:00+00:00,2026-08-04 17:19:00+00:00,325.0,325.98,False,-0.003015384615384642,-0.0036173744431020616,0.005343620889647793,0.0023282362742631513
PFE_1785857002_0,PFE,SentRule,long,False,2026-08-04 15:24:00+00:00,2026-08-04 17:24:00+00:00,25.36,25.46,False,0.0039432176656151174,0.003341032390598464,0.004676732279874418,-0.0007335146142593008
CVX_1785857122_0,CVX,SentRule,long,False,2026-08-04 15:26:00+00:00,2026-08-04 17:29:00+00:00,190.88,190.475,False,-0.0021217518860017215,-0.002720299270654647,0.0045651692564179225,-0.006686921142419644
NVDA_1785857248_0,NVDA,SentRule,long,False,2026-08-04 15:28:00+00:00,2026-08-04 17:28:00+00:00,209.89,211.52,False,0.0077659726523418016,0.007161494412222469,0.00520602569782902,0.0025599469545127818
AMZN_1785858019_0,AMZN,SentRule,short,False,2026-08-04 15:41:00+00:00,2026-08-04 17:41:00+00:00,277.37,278.65,False,-0.004614774488949758,-0.005217724238568033,0.005587392550143289,0.0009726180611935309
PFE_1785858240_0,PFE,SentRule,long,False,2026-08-04 15:44:00+00:00,2026-08-04 17:45:00+00:00,25.395,25.455,False,0.002362669816893037,0.001761432586172118,0.005637066642365296,-0.003274396825472259
DIS_1785859802_0,DIS,SentRule,long,False,2026-08-04 16:11:00+00:00,2026-08-04 18:12:00+00:00,98.345,98.45,False,0.0010676699374649878,0.00046720947364198295,0.0043788591542881505,-0.0033111892168231627
TSLA_1785859854_0,TSLA,SentRule,long,False,2026-08-04 16:11:00+00:00,2026-08-04 18:11:00+00:00,325.55,325.72,False,0.0005221932114882755,-7.794006445582813e-05,0.004417898017476274,-0.0038957048059879984
AMD_1785860554_0,AMD,SentRule,long,False,2026-08-04 16:23:00+00:00,2026-08-04 18:23:00+00:00,524.16,527.99,False,0.0073069291819292115,0.006702726285289007,0.0041216470985945275,0.003185282083334684
GOOGL_1785860977_0,GOOGL,SentRule,long,False,2026-08-04 16:30:00+00:00,2026-08-04 18:30:00+00:00,376.28,380.22,False,0.010470925906240103,0.009864825180914139,0.004146842419988195,0.006324083486251908
AMD_1785861001_0,AMD,SentRule,long,False,2026-08-04 16:31:00+00:00,2026-08-04 18:31:00+00:00,524.61,527.31,False,0.005146680391147518,0.004543773255053729,0.003906478514368095,0.0012402018767794232
AMD_1785861054_0,AMD,SentRule,long,False,2026-08-04 16:31:00+00:00,2026-08-04 18:31:00+00:00,524.61,527.31,False,0.005146680391147518,0.004543773255053729,0.003906478514368095,0.0012402018767794232
WMT_1785861092_0,WMT,SentRule,long,False,2026-08-04 16:32:00+00:00,2026-08-04 18:32:00+00:00,110.21,110.785,False,0.005217312403593244,0.004614362901001812,0.003925340542788813,0.0012919718608044306
AMZN_1785861186_0,AMZN,SentRule,long,False,2026-08-04 16:34:00+00:00,2026-08-04 18:34:00+00:00,278.235,277.84,False,-0.001419663234316415,-0.0020186317458222858,0.0033785320278338915,-0.0047981952621503066
WMT_1785861263_0,WMT,SentRule,short,False,2026-08-04 16:35:00+00:00,2026-08-04 18:35:00+00:00,110.205,110.88,False,-0.0061249489587587025,-0.006728805084971867,0.0035348547070750413,-0.002590094251683661
AAPL_1785861300_0,AAPL,SentRule,short,False,2026-08-04 16:35:00+00:00,2026-08-04 18:35:00+00:00,306.475,309.65293212035573,True,-0.010369302945935965,-0.010975706448754341,0.0035348547070750413,-0.006834448238860924
AMD_1785861371_0,AMD,SentRule,long,False,2026-08-04 16:37:00+00:00,2026-08-04 18:37:00+00:00,524.54,525.65,False,0.0021161398558737776,0.001515050498767323,0.0030730848444291414,-0.0009569449885553638
MSFT_1785862126_0,MSFT,SentRule,short,False,2026-08-04 16:49:00+00:00,2026-08-04 18:49:00+00:00,494.595,496.44,False,-0.0037303248112090515,-0.004332743731771949,0.002636260924899103,-0.0010940638863099483
AMZN_1785862126_0,AMZN,SentRule,short,False,2026-08-04 16:49:00+00:00,2026-08-04 18:49:00+00:00,278.66,277.22,False,0.005167587741333524,0.004570509170407022,0.002636260924899103,0.007803848666232627
WMT_1785862192_0,WMT,SentRule,short,False,2026-08-04 16:50:00+00:00,2026-08-04 18:50:00+00:00,110.0,110.78071428571428,True,-0.007097402597402658,-0.007701842370892997,0.002694192878242019,-0.004403209719160639
PG_1785862800_0,PG,SentRule,long,False,2026-08-04 17:00:00+00:00,2026-08-04 19:15:00+00:00,146.85,147.85,False,0.006809669731018042,0.006205765100568694,0.0033169971763331585,0.0034926725546848836
CAT_1785862887_0,CAT,SentRule,long,False,2026-08-04 17:03:00+00:00,2026-08-04 19:12:00+00:00,884.84,887.26,False,0.0027349577324713437,0.002133497195992984,0.0026339007681128734,0.00010105696435847022
META_1785863492_0,META,SentRule,long,False,2026-08-04 17:12:00+00:00,2026-08-04 19:13:00+00:00,587.05,589.64,False,0.004411889958265913,0.0038094235642094354,0.002295392356473025,0.0021164976017928883
AMD_1785863559_0,AMD,SentRule,long,False,2026-08-04 17:13:00+00:00,2026-08-04 19:13:00+00:00,525.87,528.505,False,0.0050107441002529285,0.004407918501472707,0.002171925752556092,0.0028388183476968365
NVDA_1785863559_0,NVDA,SentRule,long,False,2026-08-04 17:13:00+00:00,2026-08-04 19:13:00+00:00,211.26,212.6,False,0.0063428950108870286,0.005739270361275528,0.002171925752556092,0.004170969258330937
MSFT_1785863632_0,MSFT,SentRule,long,False,2026-08-04 17:14:00+00:00,2026-08-04 19:14:00+00:00,495.18,497.57,False,0.004826527727290975,0.00422381262518523,0.0023278433406821453,0.0024986843866088293
AMZN_1785863722_0,AMZN,SentRule,short,False,2026-08-04 17:16:00+00:00,2026-08-04 19:16:00+00:00,278.815,277.67,False,0.004106665710237878,0.003508950395069488,0.0021000777806585713,0.006206743490896449
GOOGL_1785863995_0,GOOGL,SentRule,long,False,2026-08-04 17:20:00+00:00,2026-08-04 19:20:00+00:00,378.08,379.55,False,0.003888066017774028,0.0032859138238217067,0.00222333136712205,0.0016647346506519778
MSFT_1785863995_0,MSFT,SentRule,long,False,2026-08-04 17:20:00+00:00,2026-08-04 19:20:00+00:00,495.465,497.51,False,0.004127435843096938,0.0035251400703228963,0.00222333136712205,0.0019041044759748882
AMZN_1785863995_0,AMZN,SentRule,long,False,2026-08-04 17:20:00+00:00,2026-08-04 19:20:00+00:00,278.75,277.31,False,-0.0051659192825112,-0.005762640714512046,0.00222333136712205,-0.00738925064963325
META_1785863995_0,META,SentRule,long,False,2026-08-04 17:20:00+00:00,2026-08-04 19:21:00+00:00,585.745,589.77,False,0.006871590879990341,0.006267649107994044,0.002080727022875095,0.004790863857115246
WMT_1785864000_0,WMT,SentRule,short,False,2026-08-04 17:20:00+00:00,2026-08-04 19:20:00+00:00,110.11,110.88560862656072,True,-0.007043943570617772,-0.007648351259066821,0.00222333136712205,-0.004820612203495722
CAT_1785864180_0,CAT,SentRule,long,False,2026-08-04 17:23:00+00:00,2026-08-04 19:30:00+00:00,882.36,886.01,False,0.004136633573597948,0.003534332283840813,0.001867704280155813,0.0022689292934421346
TSLA_1785864295_0,TSLA,SentRule,long,False,2026-08-04 17:25:00+00:00,2026-08-04 19:25:00+00:00,327.245,328.43,False,0.003621140124371758,0.003019148037923136,0.0018477577297864034,0.0017733823945853544
CAT_1785864430_0,CAT,SentRule,long,False,2026-08-04 17:28:00+00:00,2026-08-04 19:35:00+00:00,883.49,886.8,False,0.0037465053367893297,0.0031444380537721806,0.0013287356917850435,0.0024177696450042863
AMD_1785864467_0,AMD,SentRule,long,False,2026-08-04 17:28:00+00:00,2026-08-04 19:28:00+00:00,526.275,526.97,False,0.001320602346681854,0.0007199901689272092,0.0011342865661581047,0.0001863157805237492
CAT_1785864823_0,CAT,SentRule,long,False,2026-08-04 17:34:00+00:00,2026-08-04 19:42:00+00:00,886.77,885.235,False,-0.0017310012742876024,-0.0023297830389935603,0.0023533377850097903,-0.004084339059297393
NVDA_1785865474_0,NVDA,SentRule,long,False,2026-08-04 17:45:00+00:00,2026-08-04 19:45:00+00:00,211.77,212.87,False,0.005194314586579818,0.004591378878540331,0.0011134992360877227,0.004080815350492095
GOOGL_1785865580_0,GOOGL,SentRule,long,False,2026-08-04 17:47:00+00:00,2026-08-04 19:47:00+00:00,378.55,379.965,False,0.0037379474309866545,0.003135885281172923,0.0005889624552615214,0.003148984975725133
MSFT_1785865795_0,MSFT,SentRule,long,False,2026-08-04 17:50:00+00:00,2026-08-04 19:50:00+00:00,495.96,495.04,False,-0.0018549883055084537,-0.002453695700306624,-0.0003429821325723337,-0.00151200617293612
WMT_1785865980_0,WMT,SentRule,long,False,2026-08-04 17:53:00+00:00,2026-08-04 19:53:00+00:00,110.605,111.64,False,0.009357623977216178,0.008752191032713297,0.00023317874446204812,0.00912444523275413
PG_1785866667_0,PG,SentRule,long,False,2026-08-04 18:06:00+00:00,2026-08-05 13:49:00+00:00,147.68,146.16,True,-0.010292524377031542,-0.010886170768487746,0.004612235379472862,-0.014904759756504404
AMD_1785867784_0,AMD,SentRule,short,False,2026-08-04 18:24:00+00:00,2026-08-05 13:54:00+00:00,528.02,491.77,False,0.0686527025491459,0.06809372647785406,0.0046225560015538125,0.07327525855069972
NVDA_1785867784_0,NVDA,SentRule,short,False,2026-08-04 18:24:00+00:00,2026-08-05 13:54:00+00:00,212.085,216.845,True,-0.02244383148266027,-0.023057481876668007,0.0046225560015538125,-0.017821275481106458
AMZN_1785868164_0,AMZN,SentRule,long,False,2026-08-04 18:30:00+00:00,2026-08-05 14:00:00+00:00,277.99,276.16,False,-0.006582970610453542,-0.007178842066650426,0.004738477472811864,-0.011321448083265406
MSFT_1785868380_0,MSFT,SentRule,short,False,2026-08-04 18:33:00+00:00,2026-08-05 14:03:00+00:00,496.645,488.775,False,0.01584632886669557,0.015255659463194515,0.004531389582982603,0.020377718449678173
AMD_1785868825_0,AMD,SentRule,long,False,2026-08-04 18:41:00+00:00,2026-08-05 14:11:00+00:00,526.12,484.0,True,-0.0800577814947161,-0.0806095812858818,0.0055078211059704785,-0.08556560260068657
AMZN_1785869392_0,AMZN,SentRule,short,False,2026-08-04 18:50:00+00:00,2026-08-05 14:20:00+00:00,277.2,281.59,True,-0.01583694083694076,-0.016446625906963774,0.004416726570949381,-0.01142021426599138
JNJ_1785871390_0,JNJ,SentRule,long,False,2026-08-04 19:24:00+00:00,2026-08-05 15:07:00+00:00,254.245,256.87,False,0.010324686817833273,0.009718673809644862,0.0009833859531080957,0.009341300864725177
AMZN_1785871438_0,AMZN,SentRule,long,False,2026-08-04 19:24:00+00:00,2026-08-05 14:54:00+00:00,277.33,277.47,False,0.0005048137597809532,-9.530909161936663e-05,0.0002976036437036811,0.00020721011607727213
MSFT_1785871799_0,MSFT,SentRule,short,False,2026-08-04 19:30:00+00:00,2026-08-05 15:00:00+00:00,496.8,491.855,False,0.009953703703703742,0.009359497664114147,0.0020199142831247574,0.0119736179868285
TSLA_1785872857_0,TSLA,SentRule,short,False,2026-08-04 19:48:00+00:00,2026-08-05 15:18:00+00:00,328.175,322.32,False,0.01784109088138952,0.017251618694262172,-0.0016041812207301387,0.016236909660659382
MSFT_1785873000_0,MSFT,SentRule,long,False,2026-08-04 19:50:00+00:00,2026-08-05 15:20:00+00:00,496.49,490.07429999222774,True,-0.012922113250563472,-0.013514182361879734,-0.0005822001992417114,-0.01233991305132176
AMD_1785873000_0,AMD,SentRule,long,False,2026-08-04 19:50:00+00:00,2026-08-05 15:20:00+00:00,526.69,484.0,True,-0.08105337105318133,-0.08160457366976437,-0.0005822001992417114,-0.08047117085393962
AMZN_1785873171_0,AMZN,SentRule,short,False,2026-08-04 19:53:00+00:00,2026-08-05 15:23:00+00:00,277.67,281.59,True,-0.01411747758130133,-0.014726130663774928,-7.121262146614349e-05,-0.014188690202767473
PFE_1785873319_0,PFE,SentRule,long,False,2026-08-04 19:56:00+00:00,2026-08-05 15:26:00+00:00,25.305,25.42,False,0.004544556411776313,0.003942010441720489,0.0006869912376210596,0.003857565174155253
AAPL_1785873369_0,AAPL,SentRule,short,False,2026-08-04 19:57:00+00:00,2026-08-05 15:27:00+00:00,309.1,308.84,False,0.0008411517308315464,0.00024147651930661596,0.0009594813614262065,0.001800633092257753
BAC_1785873780_0,BAC,SentRule,long,False,2026-08-05 13:30:00+00:00,2026-08-05 15:30:00+00:00,63.04,63.285,False,0.0038864213197968844,0.0032842701123672047,-0.004936139500715142,0.008822560820512027
AAPL_1785873994_0,AAPL,SentRule,long,False,2026-08-05 13:30:00+00:00,2026-08-05 15:30:00+00:00,309.26,306.441754893562,True,-0.009112866540897602,-0.00970722051478079,-0.004936139500715142,-0.00417672704018246
META_1785874112_0,META,SentRule,short,False,2026-08-05 13:30:00+00:00,2026-08-05 15:30:00+00:00,600.455,586.38,False,0.023440557577170673,0.022854446078267254,-0.004936139500715142,0.01850441807645553
AAPL_1785874130_0,AAPL,SentRule,long,False,2026-08-05 13:30:00+00:00,2026-08-05 15:30:00+00:00,309.26,306.441754893562,True,-0.009112866540897602,-0.00970722051478079,-0.004936139500715142,-0.00417672704018246
CAT_1785874180_0,CAT,SentRule,long,False,2026-08-05 13:30:00+00:00,2026-08-05 15:41:00+00:00,871.0,894.98,False,0.027531572904707202,0.026915238861177526,-0.005090796613009152,0.032622369517716354
AMD_1785874669_0,AMD,SentRule,short,False,2026-08-05 13:30:00+00:00,2026-08-05 15:30:00+00:00,484.0,493.47635539221017,True,-0.019579246678120166,-0.02019117780546531,-0.004936139500715142,-0.024515386178835308
AMD_1785875284_0,AMD,SentRule,long,False,2026-08-05 13:30:00+00:00,2026-08-05 15:30:00+00:00,484.0,484.85,False,0.001756198347107496,0.0011553248901363666,-0.004936139500715142,0.006692337847822638
AMD_1785875367_0,AMD,SentRule,long,False,2026-08-05 13:30:00+00:00,2026-08-05 15:30:00+00:00,484.0,484.85,False,0.001756198347107496,0.0011553248901363666,-0.004936139500715142,0.006692337847822638
CAT_1785875761_0,CAT,SentRule,long,False,2026-08-05 13:30:00+00:00,2026-08-05 15:41:00+00:00,871.0,894.98,False,0.027531572904707202,0.026915238861177526,-0.005090796613009152,0.032622369517716354
AMD_1785877030_0,AMD,SentRule,short,False,2026-08-05 13:30:00+00:00,2026-08-05 15:30:00+00:00,484.0,493.47635539221017,True,-0.019579246678120166,-0.02019117780546531,-0.004936139500715142,-0.024515386178835308
CAT_1785877478_0,CAT,SentRule,long,False,2026-08-05 13:30:00+00:00,2026-08-05 15:41:00+00:00,871.0,894.98,False,0.027531572904707202,0.026915238861177526,-0.005090796613009152,0.032622369517716354
AMD_1785877690_0,AMD,SentRule,short,False,2026-08-05 13:30:00+00:00,2026-08-05 15:30:00+00:00,484.0,493.47635539221017,True,-0.019579246678120166,-0.02019117780546531,-0.004936139500715142,-0.024515386178835308
GOOGL_1785877846_0,GOOGL,SentRule,short,False,2026-08-05 13:30:00+00:00,2026-08-05 15:30:00+00:00,383.045,378.94,False,0.010716756516858328,0.010123008446347392,-0.004936139500715142,0.005780617016143186
AMD_1785878176_0,AMD,SentRule,short,False,2026-08-05 13:30:00+00:00,2026-08-05 15:30:00+00:00,484.0,493.47635539221017,True,-0.019579246678120166,-0.02019117780546531,-0.004936139500715142,-0.024515386178835308
AMD_1785879120_0,AMD,SentRule,short,False,2026-08-05 13:30:00+00:00,2026-08-05 15:30:00+00:00,484.0,493.47635539221017,True,-0.019579246678120166,-0.02019117780546531,-0.004936139500715142,-0.024515386178835308
AAPL_1785879963_0,AAPL,SentRule,short,False,2026-08-05 13:30:00+00:00,2026-08-05 15:30:00+00:00,309.26,308.89,False,0.0011964043199896857,0.0005969423239827742,-0.004936139500715142,-0.0037397351807254564
AMD_1785879996_0,AMD,SentRule,long,False,2026-08-05 13:30:00+00:00,2026-08-05 15:30:00+00:00,484.0,484.85,False,0.001756198347107496,0.0011553248901363666,-0.004936139500715142,0.006692337847822638
AMD_1785880640_0,AMD,SentRule,long,False,2026-08-05 13:30:00+00:00,2026-08-05 15:30:00+00:00,484.0,484.85,False,0.001756198347107496,0.0011553248901363666,-0.004936139500715142,0.006692337847822638
TSLA_1785880900_0,TSLA,SentRule,short,False,2026-08-05 13:30:00+00:00,2026-08-05 15:30:00+00:00,323.65,322.44,False,0.003738606519388177,0.0031406703024349225,-0.004936139500715142,-0.0011975329813269653
NFLX_1785881484_0,NFLX,SentRule,short,False,2026-08-05 13:30:00+00:00,2026-08-05 15:30:00+00:00,75.115,74.045,False,0.014244824602276385,0.013653194007859693,-0.004936139500715142,0.009308685101561243
AMZN_1785881504_0,AMZN,SentRule,long,False,2026-08-05 13:30:00+00:00,2026-08-05 15:30:00+00:00,281.59,277.9640026703954,True,-0.012876868246757933,-0.013468964496934688,-0.004936139500715142,-0.007940728746042791
NVDA_1785881531_0,NVDA,SentRule,long,False,2026-08-05 13:30:00+00:00,2026-08-05 15:30:00+00:00,216.845,219.46,False,0.01205930503354935,0.011452251566569371,-0.004936139500715142,0.016995444534264492
META_1785883131_0,META,SentRule,short,False,2026-08-05 13:30:00+00:00,2026-08-05 15:30:00+00:00,600.455,586.38,False,0.023440557577170673,0.022854446078267254,-0.004936139500715142,0.01850441807645553
MSFT_1785883131_0,MSFT,SentRule,short,False,2026-08-05 13:30:00+00:00,2026-08-05 15:30:00+00:00,496.725,491.785,False,0.009945140671397623,0.009350929492446869,-0.004936139500715142,0.005009001170682481
CVX_1785883647_0,CVX,SentRule,short,False,2026-08-05 13:30:00+00:00,2026-08-05 15:38:00+00:00,190.995,186.64,False,0.022801644022094947,0.022215149060019534,-0.005174569215501745,0.0176270748065932
AMD_1785886213_0,AMD,SentRule,short,False,2026-08-05 13:30:00+00:00,2026-08-05 15:30:00+00:00,484.0,493.47635539221017,True,-0.019579246678120166,-0.02019117780546531,-0.004936139500715142,-0.024515386178835308
NVDA_1785886776_0,NVDA,SentRule,long,False,2026-08-05 13:30:00+00:00,2026-08-05 15:30:00+00:00,216.845,219.46,False,0.01205930503354935,0.011452251566569371,-0.004936139500715142,0.016995444534264492
AMD_1785887700_0,AMD,SentRule,short,False,2026-08-05 13:30:00+00:00,2026-08-05 15:30:00+00:00,484.0,493.47635539221017,True,-0.019579246678120166,-0.02019117780546531,-0.004936139500715142,-0.024515386178835308
AMD_1785887706_0,AMD,SentRule,long,False,2026-08-05 13:30:00+00:00,2026-08-05 15:30:00+00:00,484.0,484.85,False,0.001756198347107496,0.0011553248901363666,-0.004936139500715142,0.006692337847822638
CVX_1785889801_0,CVX,SentRule,short,False,2026-08-05 13:30:00+00:00,2026-08-05 15:38:00+00:00,190.995,186.64,False,0.022801644022094947,0.022215149060019534,-0.005174569215501745,0.0176270748065932
UNH_1785892121_0,UNH,SentRule,long,False,2026-08-05 13:30:00+00:00,2026-08-05 15:33:00+00:00,402.79,399.98193933485396,True,-0.006971525274078405,-0.00756716366739596,-0.004485056256524622,-0.002486469017553783
TSLA_1785892676_0,TSLA,SentRule,short,False,2026-08-05 13:30:00+00:00,2026-08-05 15:30:00+00:00,323.65,322.44,False,0.003738606519388177,0.0031406703024349225,-0.004936139500715142,-0.0011975329813269653
TSLA_1785896400_0,TSLA,SentRule,long,False,2026-08-05 13:30:00+00:00,2026-08-05 15:30:00+00:00,323.65,322.44,False,-0.003738606519388177,-0.004336184082207484,-0.004936139500715142,0.0011975329813269653
TSLA_1785896599_0,TSLA,SentRule,long,False,2026-08-05 13:30:00+00:00,2026-08-05 15:30:00+00:00,323.65,322.44,False,-0.003738606519388177,-0.004336184082207484,-0.004936139500715142,0.0011975329813269653
BAC_1785898271_0,BAC,SentRule,short,False,2026-08-05 13:30:00+00:00,2026-08-05 15:30:00+00:00,63.04,63.40396484774167,True,-0.005773554056815788,-0.006377199282817658,-0.004936139500715142,-0.01070969355753093
CAT_1785902460_0,CAT,SentRule,short,False,2026-08-05 13:30:00+00:00,2026-08-05 15:41:00+00:00,871.0,887.9369347175644,True,-0.019445390031646914,-0.020057240820902766,-0.005090796613009152,-0.024536186644656066
XOM_1785904807_0,XOM,SentRule,long,False,2026-08-05 13:30:00+00:00,2026-08-05 15:40:00+00:00,155.035,153.16,True,-0.012094043280549527,-0.01268660908483965,-0.004949027593406319,-0.007145015687143208
TSLA_1785905547_0,TSLA,SentRule,short,False,2026-08-05 13:30:00+00:00,2026-08-05 15:30:00+00:00,323.65,322.44,False,0.003738606519388177,0.0031406703024349225,-0.004936139500715142,-0.0011975329813269653
DIS_1785911792_0,DIS,SentRule,long,False,2026-08-05 13:30:00+00:00,2026-08-05 15:30:00+00:00,102.045,101.36853158836884,True,-0.006629118640121168,-0.007224962415804392,-0.004936139500715142,-0.0016929791394060256
AAPL_1785914760_0,AAPL,SentRule,short,False,2026-08-05 13:30:00+00:00,2026-08-05 15:30:00+00:00,309.26,308.89,False,0.0011964043199896857,0.0005969423239827742,-0.004936139500715142,-0.0037397351807254564
TSLA_1785915391_0,TSLA,SentRule,short,False,2026-08-05 13:30:00+00:00,2026-08-05 15:30:00+00:00,323.65,322.44,False,0.003738606519388177,0.0031406703024349225,-0.004936139500715142,-0.0011975329813269653
AAPL_1785915591_0,AAPL,SentRule,short,False,2026-08-05 13:30:00+00:00,2026-08-05 15:30:00+00:00,309.26,308.89,False,0.0011964043199896857,0.0005969423239827742,-0.004936139500715142,-0.0037397351807254564
AAPL_1785915934_0,AAPL,SentRule,long,False,2026-08-05 13:30:00+00:00,2026-08-05 15:30:00+00:00,309.26,306.441754893562,True,-0.009112866540897602,-0.00970722051478079,-0.004936139500715142,-0.00417672704018246
TSLA_1785917284_0,TSLA,SentRule,short,False,2026-08-05 13:30:00+00:00,2026-08-05 15:30:00+00:00,323.65,322.44,False,0.003738606519388177,0.0031406703024349225,-0.004936139500715142,-0.0011975329813269653
BAC_1785917922_0,BAC,SentRule,long,False,2026-08-05 13:30:00+00:00,2026-08-05 15:30:00+00:00,63.04,63.285,False,0.0038864213197968844,0.0032842701123672047,-0.004936139500715142,0.008822560820512027
GS_1785919495_0,GS,SentRule,long,False,2026-08-05 13:30:00+00:00,2026-08-05 15:44:00+00:00,1065.82,1069.89,False,0.0038186560582464946,0.0032165454977797214,-0.005129460891082793,0.008948116949329288
AAPL_1785919620_0,AAPL,SentRule,short,False,2026-08-05 13:30:00+00:00,2026-08-05 15:30:00+00:00,309.26,308.89,False,0.0011964043199896857,0.0005969423239827742,-0.004936139500715142,-0.0037397351807254564
BAC_1785921677_0,BAC,SentRule,short,False,2026-08-05 13:30:00+00:00,2026-08-05 15:30:00+00:00,63.04,63.40396484774167,True,-0.005773554056815788,-0.006377199282817658,-0.004936139500715142,-0.01070969355753093
AAPL_1785922200_0,AAPL,SentRule,short,False,2026-08-05 13:30:00+00:00,2026-08-05 15:30:00+00:00,309.26,308.89,False,0.0011964043199896857,0.0005969423239827742,-0.004936139500715142,-0.0037397351807254564
TSLA_1785922500_0,TSLA,SentRule,long,False,2026-08-05 13:30:00+00:00,2026-08-05 15:30:00+00:00,323.65,322.44,False,-0.003738606519388177,-0.004336184082207484,-0.004936139500715142,0.0011975329813269653
DIS_1785923031_0,DIS,SentRule,long,False,2026-08-05 13:30:00+00:00,2026-08-05 15:30:00+00:00,102.045,101.36853158836884,True,-0.006629118640121168,-0.007224962415804392,-0.004936139500715142,-0.0016929791394060256
GS_1785924637_0,GS,SentRule,long,False,2026-08-05 13:30:00+00:00,2026-08-05 15:44:00+00:00,1065.82,1069.89,False,0.0038186560582464946,0.0032165454977797214,-0.005129460891082793,0.008948116949329288
AAPL_1785924900_0,AAPL,SentRule,long,False,2026-08-05 13:30:00+00:00,2026-08-05 15:30:00+00:00,309.26,306.441754893562,True,-0.009112866540897602,-0.00970722051478079,-0.004936139500715142,-0.00417672704018246
CAT_1785925340_0,CAT,SentRule,long,False,2026-08-05 13:30:00+00:00,2026-08-05 15:41:00+00:00,871.0,894.98,False,0.027531572904707202,0.026915238861177526,-0.005090796613009152,0.032622369517716354
DIS_1785925980_0,DIS,SentRule,long,False,2026-08-05 13:30:00+00:00,2026-08-05 15:30:00+00:00,102.045,101.36853158836884,True,-0.006629118640121168,-0.007224962415804392,-0.004936139500715142,-0.0016929791394060256
TSLA_1785927480_0,TSLA,SentRule,short,False,2026-08-05 13:30:00+00:00,2026-08-05 15:30:00+00:00,323.65,322.44,False,0.003738606519388177,0.0031406703024349225,-0.004936139500715142,-0.0011975329813269653
DIS_1785928760_0,DIS,SentRule,long,False,2026-08-05 13:30:00+00:00,2026-08-05 15:30:00+00:00,102.045,101.36853158836884,True,-0.006629118640121168,-0.007224962415804392,-0.004936139500715142,-0.0016929791394060256
CAT_1785929760_0,CAT,SentRule,long,False,2026-08-05 13:30:00+00:00,2026-08-05 15:41:00+00:00,871.0,894.98,False,0.027531572904707202,0.026915238861177526,-0.005090796613009152,0.032622369517716354
CAT_1785930982_0,CAT,SentRule,long,False,2026-08-05 13:30:00+00:00,2026-08-05 15:41:00+00:00,871.0,894.98,False,0.027531572904707202,0.026915238861177526,-0.005090796613009152,0.032622369517716354
BAC_1785931200_0,BAC,SentRule,long,False,2026-08-05 13:30:00+00:00,2026-08-05 15:30:00+00:00,63.04,63.285,False,0.0038864213197968844,0.0032842701123672047,-0.004936139500715142,0.008822560820512027
DIS_1785932145_0,DIS,SentRule,long,False,2026-08-05 13:30:00+00:00,2026-08-05 15:30:00+00:00,102.045,101.36853158836884,True,-0.006629118640121168,-0.007224962415804392,-0.004936139500715142,-0.0016929791394060256
UNH_1785933142_0,UNH,SentRule,long,False,2026-08-05 13:30:00+00:00,2026-08-05 15:33:00+00:00,402.79,399.98193933485396,True,-0.006971525274078405,-0.00756716366739596,-0.004485056256524622,-0.002486469017553783
AMD_1785933527_0,AMD,SentRule,short,False,2026-08-05 13:30:00+00:00,2026-08-05 15:30:00+00:00,484.0,493.47635539221017,True,-0.019579246678120166,-0.02019117780546531,-0.004936139500715142,-0.024515386178835308
AMD_1785934042_0,AMD,SentRule,long,False,2026-08-05 13:30:00+00:00,2026-08-05 15:30:00+00:00,484.0,484.85,False,0.001756198347107496,0.0011553248901363666,-0.004936139500715142,0.006692337847822638
CVX_1785934500_0,CVX,SentRule,short,False,2026-08-05 13:30:00+00:00,2026-08-05 15:38:00+00:00,190.995,186.64,False,0.022801644022094947,0.022215149060019534,-0.005174569215501745,0.0176270748065932
WMT_1785934800_0,WMT,SentRule,long,False,2026-08-05 13:30:00+00:00,2026-08-05 15:33:00+00:00,112.73,111.94456594687364,True,-0.006967391582776261,-0.007563032455564667,-0.004485056256524622,-0.002482335326251639
AMD_1785934830_0,AMD,SentRule,short,False,2026-08-05 13:30:00+00:00,2026-08-05 15:30:00+00:00,484.0,493.47635539221017,True,-0.019579246678120166,-0.02019117780546531,-0.004936139500715142,-0.024515386178835308
JPM_1785935441_0,JPM,SentRule,short,False,2026-08-05 13:30:00+00:00,2026-08-05 15:37:00+00:00,359.165,361.55846221889686,True,-0.00666396285522497,-0.0072681424868275,-0.004884587129950546,-0.011548549985175516
AMD_1785937260_0,AMD,SentRule,short,False,2026-08-05 13:41:00+00:00,2026-08-05 15:41:00+00:00,492.15,485.91,False,0.012679061261810287,0.012086490927467164,-0.005584217340057429,0.007094843921752858
BAC_1785937506_0,BAC,SentRule,long,False,2026-08-05 13:46:00+00:00,2026-08-05 15:46:00+00:00,63.18,63.22,False,0.0006331117442228695,3.291193711851825e-05,-0.004854775797040745,0.005487887541263614
AAPL_1785937506_0,AAPL,SentRule,long,False,2026-08-05 13:46:00+00:00,2026-08-05 15:46:00+00:00,307.32,308.105,False,0.0025543407523103134,0.0019529885535187752,-0.004854775797040745,0.007409116549351058
AMD_1785937557_0,AMD,SentRule,short,False,2026-08-05 13:46:00+00:00,2026-08-05 15:46:00+00:00,493.645,485.18,False,0.017147950450222327,0.016558062254033667,-0.004854775797040745,0.012293174653181582
AMD_1785938234_0,AMD,SentRule,long,False,2026-08-05 13:58:00+00:00,2026-08-05 15:58:00+00:00,495.9,486.1906515723202,True,-0.019579246678120166,-0.02016732270730448,-0.00671253349824763,-0.012866713179872535
PFE_1785938400_0,PFE,SentRule,short,False,2026-08-05 14:00:00+00:00,2026-08-05 16:03:00+00:00,25.505,25.495,False,0.00039207998431667335,-0.00020786475111322922,-0.007535115570640127,-0.007143035586323454
AMD_1785938400_0,AMD,SentRule,long,False,2026-08-05 14:00:00+00:00,2026-08-05 16:00:00+00:00,493.51,483.8474459718809,True,-0.019579246678120166,-0.02016732270730459,-0.007348347748803774,-0.012230898929316392
CAT_1785938408_0,CAT,SentRule,long,False,2026-08-05 14:01:00+00:00,2026-08-05 16:13:00+00:00,900.0,892.47,False,-0.008366666666666633,-0.00896146822619881,-0.0075256762155127,-0.0008409904511539334
DIS_1785938819_0,DIS,SentRule,long,False,2026-08-05 14:07:00+00:00,2026-08-05 16:07:00+00:00,100.325,99.74,False,-0.005831049090456064,-0.006427371564259654,-0.0072037939122142625,0.0013727448217581983
AMD_1785938998_0,AMD,SentRule,short,False,2026-08-05 14:10:00+00:00,2026-08-05 16:10:00+00:00,492.595,486.02,False,0.013347679127884038,0.012755510084647925,-0.0076345222142047975,0.00571315691367924
JPM_1785939023_0,JPM,SentRule,short,False,2026-08-05 14:11:00+00:00,2026-08-05 16:26:00+00:00,361.63,359.86,False,0.0048945054337306,0.004297262964250037,-0.005950694247662258,-0.0010561888139316578
AMD_1785939141_0,AMD,SentRule,long,False,2026-08-05 14:13:00+00:00,2026-08-05 16:13:00+00:00,489.91,487.315,False,-0.005296891265742731,-0.005893534138121548,-0.007410557789462868,0.002113666523720137
DIS_1785939300_0,DIS,SentRule,long,False,2026-08-05 14:15:00+00:00,2026-08-05 16:15:00+00:00,100.43,99.92,False,-0.005078163895250509,-0.005674937964692428,-0.007330679343975133,0.0022525154487246235
BAC_1785939420_0,BAC,SentRule,short,False,2026-08-05 14:17:00+00:00,2026-08-05 16:17:00+00:00,63.43,63.26,False,0.0026801198171212404,0.002081548317561799,-0.006495515001546548,-0.0038153951844253076
BA_1785939582_0,BA,SentRule,long,False,2026-08-05 14:20:00+00:00,2026-08-05 16:45:00+00:00,237.71,239.24,False,0.006436414118043077,0.005832733373795529,-0.0051761035478548045,0.011612517665897881
AAPL_1785939600_0,AAPL,SentRule,long,False,2026-08-05 14:20:00+00:00,2026-08-05 16:20:00+00:00,308.29,309.19,False,0.002919329203022958,0.0023177580768389827,-0.00563376650165015,0.008553095704673108
AMD_1785939636_0,AMD,SentRule,short,False,2026-08-05 14:21:00+00:00,2026-08-05 16:21:00+00:00,486.64,489.25,False,-0.005363307578497567,-0.005966706582745784,-0.005021886140496701,-0.010385193718994268
DIS_1785940380_0,DIS,SentRule,long,False,2026-08-05 14:33:00+00:00,2026-08-05 16:33:00+00:00,101.065,100.2546244404148,True,-0.008018360061200158,-0.00861337054201905,-0.004247243809867962,-0.003771116251332196
AMD_1785940523_0,AMD,SentRule,long,False,2026-08-05 14:36:00+00:00,2026-08-05 16:36:00+00:00,484.56,486.955,False,0.004942628363876489,0.004339843622280792,-0.003847643641058718,0.008790272004935207
TSLA_1785940800_0,TSLA,SentRule,short,False,2026-08-05 14:40:00+00:00,2026-08-05 16:40:00+00:00,324.175,323.51,False,0.002051361147528352,0.0014524122795566141,-0.0027264152162396194,-0.0006750540687112672
DIS_1785941148_0,DIS,SentRule,short,False,2026-08-05 14:46:00+00:00,2026-08-05 16:46:00+00:00,101.065,100.13,False,0.00925147182506314,0.008656844319906654,-0.0031460151551366833,0.006105456669926457
AMD_1785941155_0,AMD,SentRule,long,False,2026-08-05 14:46:00+00:00,2026-08-05 16:46:00+00:00,480.52,488.01,False,0.015587280446183405,0.014978110828800961,-0.0031460151551366833,0.018733295601320088
CAT_1785942045_0,CAT,SentRule,long,False,2026-08-05 15:01:00+00:00,2026-08-05 17:21:00+00:00,893.33,890.43,False,-0.003246280769704457,-0.00384415363938162,-0.0032498368620660356,3.5560923615785e-06
PFE_1785942296_0,PFE,SentRule,short,False,2026-08-05 15:05:00+00:00,2026-08-05 17:12:00+00:00,25.605,25.425,False,0.007029876977152849,0.006433916115080596,-0.0024688804725773172,0.004560996504575532
JPM_1785942480_0,JPM,SentRule,short,False,2026-08-05 15:09:00+00:00,2026-08-05 17:47:00+00:00,361.02,360.99,False,8.309788931348816e-05,-0.0005170322910068581,-0.00230179358859961,-0.0022186956992861218
AMD_1785942989_0,AMD,SentRule,short,False,2026-08-05 15:17:00+00:00,2026-08-05 17:17:00+00:00,481.18,485.665,False,-0.00932083627748459,-0.009926610511521217,-0.0015660186886857774,-0.010886854966170367
DIS_1785942989_0,DIS,SentRule,short,False,2026-08-05 15:17:00+00:00,2026-08-05 17:17:00+00:00,100.48,100.57,False,-0.0008957006369425535,-0.001496418272615374,-0.0015660186886857774,-0.002461719325628331
DIS_1785944520_0,DIS,SentRule,long,False,2026-08-05 15:42:00+00:00,2026-08-05 17:42:00+00:00,100.2,101.785,False,0.015818363273452984,0.015209055047956666,-0.00025907239130296134,0.016077435664755946
AMD_1785945478_0,AMD,SentRule,short,False,2026-08-05 15:58:00+00:00,2026-08-05 17:58:00+00:00,483.1,487.4,False,-0.008900848685572171,-0.009506370851433354,0.0013495101537663867,-0.007551338531805785
CVX_1785945535_0,CVX,SentRule,long,False,2026-08-05 15:59:00+00:00,2026-08-05 18:29:00+00:00,186.945,187.41,False,0.002487362593276199,0.0018860505693274465,0.0012712084262958001,0.0012161541669803988
DIS_1785945540_0,DIS,SentRule,long,False,2026-08-05 15:59:00+00:00,2026-08-05 17:59:00+00:00,99.825,101.755,False,0.01933383420986723,0.01872241733440405,0.0008042339023504042,0.018529600307516825
AMD_1785945659_0,AMD,SentRule,long,False,2026-08-05 16:01:00+00:00,2026-08-05 18:01:00+00:00,484.72,486.69,False,0.004064202013533524,0.003461944169678599,0.0011612970195538086,0.002902904993979716
AMD_1785945664_0,AMD,SentRule,long,False,2026-08-05 16:02:00+00:00,2026-08-05 18:02:00+00:00,484.61,486.84,False,0.00460163843090311,0.003999058221907381,0.0016027824823012793,0.0029988559486018307
BA_1785947400_0,BA,SentRule,long,False,2026-08-05 16:30:00+00:00,2026-08-05 19:00:00+00:00,238.815,240.05,False,0.00517136695768694,0.004568445014095479,-0.0009324975392426271,0.0061038644969295675
CAT_1785948428_0,CAT,SentRule,long,False,2026-08-05 16:48:00+00:00,2026-08-05 19:20:00+00:00,890.18,887.45,False,-0.003066795479565787,-0.0036647760081193193,0.000557373861758359,-0.003624169341324146
AMD_1785949331_0,AMD,SentRule,short,False,2026-08-05 17:03:00+00:00,2026-08-05 19:03:00+00:00,488.5,487.76,False,0.0015148413510747138,0.0009155704746225402,7.777763374527957e-05,0.0015926189848199934
TSLA_1785951055_0,TSLA,SentRule,long,False,2026-08-05 17:31:00+00:00,2026-08-05 19:31:00+00:00,322.89,322.515,False,-0.0011613862306047995,-0.0017605096618369398,0.0005640779594642265,-0.001725464190069026
GS_1785953148_0,GS,SentRule,short,False,2026-08-05 18:06:00+00:00,2026-08-06 14:16:00+00:00,1076.02,1063.11,False,0.011997918254307627,0.01140493911151741,-0.0013402395597280625,0.010657678694579564
AMD_1785953160_0,AMD,SentRule,long,False,2026-08-05 18:06:00+00:00,2026-08-06 13:36:00+00:00,486.835,470.56,True,-0.03343021763020315,-0.034009985569243395,-0.0022466817740369738,-0.031183535856166178
AMD_1785953327_0,AMD,SentRule,long,False,2026-08-05 18:09:00+00:00,2026-08-06 13:39:00+00:00,487.41,470.56,True,-0.03457048480745173,-0.03514956879137199,-0.0028435957559818092,-0.03172688905146992
TSLA_1785953403_0,TSLA,SentRule,long,False,2026-08-05 18:11:00+00:00,2026-08-06 13:41:00+00:00,322.32,316.62,True,-0.017684288905435608,-0.018273501568293438,-0.0020014638538218277,-0.01568282505161378
AMD_1785953674_0,AMD,SentRule,short,False,2026-08-05 18:15:00+00:00,2026-08-06 13:45:00+00:00,486.07,479.895,False,0.012703931532495383,0.012111376124792517,-0.001457631510754065,0.011246300021741318
AMD_1785956200_0,AMD,SentRule,short,False,2026-08-05 18:57:00+00:00,2026-08-06 14:27:00+00:00,486.85,487.74,False,-0.001828078463592453,-0.00242935569383973,-0.0013027331471051617,-0.0031308116106976147
TSLA_1785956523_0,TSLA,SentRule,short,False,2026-08-05 19:03:00+00:00,2026-08-06 14:33:00+00:00,320.66,321.68,False,-0.0031809393126676078,-0.0037830285030122646,-0.0013803561707752543,-0.004561295483442862
WMT_1785958380_0,WMT,SentRule,long,False,2026-08-05 19:33:00+00:00,2026-08-06 15:03:00+00:00,111.685,112.46,False,0.006939159242512316,0.0063351769416570836,-0.001846644290953381,0.008785803533465697
AMD_1785960011_0,AMD,SentRule,short,False,2026-08-06 13:30:00+00:00,2026-08-06 15:30:00+00:00,470.56,482.00433500402096,True,-0.024320671123811977,-0.02493544795953695,-0.001376319513873514,-0.02569699063768549
TSLA_1785960108_0,TSLA,SentRule,long,False,2026-08-06 13:30:00+00:00,2026-08-06 15:30:00+00:00,316.62,321.82,False,0.016423472932853178,0.01581380175044833,-0.001376319513873514,0.017799792446726692
HON_1785960300_0,HON,SentRule,long,False,2026-08-06 13:32:00+00:00,2026-08-06 16:20:00+00:00,249.84,248.26,True,-0.006324047390329879,-0.006920074153866529,-0.0026557924196281,-0.0036682549707017786
AMD_1785960992_0,AMD,SentRule,short,False,2026-08-06 13:30:00+00:00,2026-08-06 15:30:00+00:00,470.56,482.00433500402096,True,-0.024320671123811977,-0.02493544795953695,-0.001376319513873514,-0.02569699063768549
DIS_1785963824_0,DIS,SentRule,long,False,2026-08-06 13:32:00+00:00,2026-08-06 15:32:00+00:00,102.8,103.55,False,0.007295719844357951,0.006691523671303212,-0.0015389310597845318,0.008834650904142483
AMD_1785965914_0,AMD,SentRule,short,False,2026-08-06 13:30:00+00:00,2026-08-06 15:30:00+00:00,470.56,482.00433500402096,True,-0.024320671123811977,-0.02493544795953695,-0.001376319513873514,-0.02569699063768549
TSLA_1785969300_0,TSLA,SentRule,short,False,2026-08-06 13:30:00+00:00,2026-08-06 15:30:00+00:00,316.62,319.8840330501018,True,-0.01030899200967017,-0.010915359315067485,-0.001376319513873514,-0.011685311523543684
TSLA_1785970226_0,TSLA,SentRule,long,False,2026-08-06 13:30:00+00:00,2026-08-06 15:30:00+00:00,316.62,321.82,False,0.016423472932853178,0.01581380175044833,-0.001376319513873514,0.017799792446726692
JPM_1785971820_0,JPM,SentRule,short,False,2026-08-06 13:30:00+00:00,2026-08-06 15:38:00+00:00,362.5,356.3,False,0.017103448275862076,0.016513533370355993,-0.0019800823194878747,0.015123365956374202
PFE_1785975423_0,PFE,SentRule,short,False,2026-08-06 13:30:00+00:00,2026-08-06 15:30:00+00:00,26.055,25.89,False,0.0063327576280943765,0.005736378368893513,-0.001376319513873514,0.0049564381142208624
AMD_1785983540_0,AMD,SentRule,short,False,2026-08-06 13:30:00+00:00,2026-08-06 15:30:00+00:00,470.56,482.00433500402096,True,-0.024320671123811977,-0.02493544795953695,-0.001376319513873514,-0.02569699063768549
WMT_1785984514_0,WMT,SentRule,short,False,2026-08-06 13:30:00+00:00,2026-08-06 15:30:00+00:00,114.065,112.0,False,0.018103712795335958,0.017514398228643313,-0.001376319513873514,0.016727393281462444
AAPL_1785990496_0,AAPL,SentRule,short,False,2026-08-06 13:30:00+00:00,2026-08-06 15:30:00+00:00,314.55,309.81,False,0.015069146399618538,0.014478010546702502,-0.001376319513873514,0.013692826885745024
AAPL_1785996470_0,AAPL,SentRule,short,False,2026-08-06 13:30:00+00:00,2026-08-06 15:30:00+00:00,314.55,309.81,False,0.015069146399618538,0.014478010546702502,-0.001376319513873514,0.013692826885745024
AMD_1786002284_0,AMD,SentRule,short,False,2026-08-06 13:30:00+00:00,2026-08-06 15:30:00+00:00,470.56,482.00433500402096,True,-0.024320671123811977,-0.02493544795953695,-0.001376319513873514,-0.02569699063768549
AMD_1786002762_0,AMD,SentRule,long,False,2026-08-06 13:30:00+00:00,2026-08-06 15:30:00+00:00,470.56,492.195,False,0.0459771336280177,0.045349735567259186,-0.001376319513873514,0.04735345314189121
AMD_1786006250_0,AMD,SentRule,long,False,2026-08-06 13:30:00+00:00,2026-08-06 15:30:00+00:00,470.56,492.195,False,0.0459771336280177,0.045349735567259186,-0.001376319513873514,0.04735345314189121
CAT_1786007592_0,CAT,SentRule,long,False,2026-08-06 13:30:00+00:00,2026-08-06 15:58:00+00:00,860.71,869.8,False,0.010561048436755538,0.009954893654128494,-0.00233065427113488,0.012891702707890418
JNJ_1786008177_0,JNJ,SentRule,long,False,2026-08-06 13:30:00+00:00,2026-08-06 15:49:00+00:00,261.3,259.495,True,-0.00690776884806743,-0.007503445483767912,-0.0012789384161938644,-0.005628830431873566
AMD_1786009447_0,AMD,SentRule,short,False,2026-08-06 13:30:00+00:00,2026-08-06 15:30:00+00:00,470.56,482.00433500402096,True,-0.024320671123811977,-0.02493544795953695,-0.001376319513873514,-0.02569699063768549
PFE_1786010388_0,PFE,SentRule,long,False,2026-08-06 13:30:00+00:00,2026-08-06 15:30:00+00:00,26.055,25.89,False,-0.0063327576280943765,-0.00692877916705581,-0.001376319513873514,-0.0049564381142208624
DIS_1786013749_0,DIS,SentRule,long,False,2026-08-06 13:32:00+00:00,2026-08-06 15:32:00+00:00,102.8,103.55,False,0.007295719844357951,0.006691523671303212,-0.0015389310597845318,0.008834650904142483
WMT_1786014000_0,WMT,SentRule,long,False,2026-08-06 13:30:00+00:00,2026-08-06 15:30:00+00:00,114.065,113.21530521445096,True,-0.007449215671319287,-0.00804456753635685,-0.001376319513873514,-0.006072896157445773
BA_1786014564_0,BA,SentRule,long,False,2026-08-06 13:31:00+00:00,2026-08-06 15:37:00+00:00,238.09,236.0,True,-0.008778193120248634,-0.00937274783796116,-0.0019995585390237824,-0.006778634581224852
AAPL_1786015200_0,AAPL,SentRule,long,False,2026-08-06 13:30:00+00:00,2026-08-06 15:30:00+00:00,314.55,311.94474307169963,True,-0.008282489042442776,-0.00887734109340188,-0.001376319513873514,-0.0069061695285692615
TSLA_1786015740_0,TSLA,SentRule,long,False,2026-08-06 13:30:00+00:00,2026-08-06 15:30:00+00:00,316.62,321.82,False,0.016423472932853178,0.01581380175044833,-0.001376319513873514,0.017799792446726692
AMD_1786015802_0,AMD,SentRule,long,False,2026-08-06 13:30:00+00:00,2026-08-06 15:30:00+00:00,470.56,492.195,False,0.0459771336280177,0.045349735567259186,-0.001376319513873514,0.04735345314189121
AMD_1786016852_0,AMD,SentRule,long,False,2026-08-06 13:30:00+00:00,2026-08-06 15:30:00+00:00,470.56,492.195,False,0.0459771336280177,0.045349735567259186,-0.001376319513873514,0.04735345314189121
AMD_1786016894_0,AMD,SentRule,short,False,2026-08-06 13:30:00+00:00,2026-08-06 15:30:00+00:00,470.56,482.00433500402096,True,-0.024320671123811977,-0.02493544795953695,-0.001376319513873514,-0.02569699063768549
META_1786017300_0,META,SentRule,short,False,2026-08-06 13:30:00+00:00,2026-08-06 15:30:00+00:00,586.335,592.6392453103127,True,-0.010751951205902222,-0.011358584366573998,-0.001376319513873514,-0.012128270719775736
TSLA_1786017960_0,TSLA,SentRule,short,False,2026-08-06 13:30:00+00:00,2026-08-06 15:30:00+00:00,316.62,319.8840330501018,True,-0.01030899200967017,-0.010915359315067485,-0.001376319513873514,-0.011685311523543684
HON_1786018380_0,HON,SentRule,short,False,2026-08-06 13:32:00+00:00,2026-08-06 16:20:00+00:00,249.84,241.785,False,0.03224063400576371,0.031659804137206704,-0.0026557924196281,0.029584841586135613
AMD_1786018583_0,AMD,SentRule,long,False,2026-08-06 13:30:00+00:00,2026-08-06 15:30:00+00:00,470.56,492.195,False,0.0459771336280177,0.045349735567259186,-0.001376319513873514,0.04735345314189121
MSFT_1786019902_0,MSFT,SentRule,short,False,2026-08-06 13:30:00+00:00,2026-08-06 15:30:00+00:00,488.8,493.6242967921178,True,-0.009869674288293329,-0.01047577792395682,-0.001376319513873514,-0.011245993802166843
AMD_1786019902_0,AMD,SentRule,short,False,2026-08-06 13:30:00+00:00,2026-08-06 15:30:00+00:00,470.56,482.00433500402096,True,-0.024320671123811977,-0.02493544795953695,-0.001376319513873514,-0.02569699063768549
JPM_1786020617_0,JPM,SentRule,short,False,2026-08-06 13:30:00+00:00,2026-08-06 15:38:00+00:00,362.5,356.3,False,0.017103448275862076,0.016513533370355993,-0.0019800823194878747,0.015123365956374202
AMD_1786021174_0,AMD,SentRule,long,False,2026-08-06 13:30:00+00:00,2026-08-06 15:30:00+00:00,470.56,492.195,False,0.0459771336280177,0.045349735567259186,-0.001376319513873514,0.04735345314189121
TSLA_1786021200_0,TSLA,SentRule,long,False,2026-08-06 13:30:00+00:00,2026-08-06 15:30:00+00:00,316.62,321.82,False,0.016423472932853178,0.01581380175044833,-0.001376319513873514,0.017799792446726692
JPM_1786022227_0,JPM,SentRule,long,False,2026-08-06 13:30:00+00:00,2026-08-06 15:38:00+00:00,362.5,360.0594674650349,True,-0.006732503544731316,-0.0073282853080752774,-0.0019800823194878747,-0.004752421225243442
DIS_1786022604_0,DIS,SentRule,long,False,2026-08-06 13:32:00+00:00,2026-08-06 15:32:00+00:00,102.8,103.55,False,0.007295719844357951,0.006691523671303212,-0.0015389310597845318,0.008834650904142483
JPM_1786023120_0,JPM,SentRule,short,False,2026-08-06 13:32:00+00:00,2026-08-06 15:40:00+00:00,360.66,356.18,False,0.012421671380247412,0.011828946565631049,-0.0015259442997863637,0.010895727080461048
AAPL_1786023179_0,AAPL,SentRule,short,False,2026-08-06 13:33:00+00:00,2026-08-06 15:33:00+00:00,315.185,310.315,False,0.015451242920824337,0.014860336394618812,-0.000734367079558651,0.014716875841265686
MSFT_1786024582_0,MSFT,SentRule,short,False,2026-08-06 13:57:00+00:00,2026-08-06 15:57:00+00:00,496.14,495.515,False,0.0012597250775990831,0.0006603010854480118,-0.003054989816700604,-0.0017952647391015208
TSLA_1786024680_0,TSLA,SentRule,short,False,2026-08-06 13:58:00+00:00,2026-08-06 15:58:00+00:00,320.16,320.09,False,0.0002186406796603757,-0.0003814081505808531,-0.0032236722621488134,-0.0030050315824884377
MSFT_1786025441_0,MSFT,SentRule,long,False,2026-08-06 14:11:00+00:00,2026-08-06 16:11:00+00:00,494.56,494.795,False,0.00047516984794571115,-0.00012493522244194644,-0.004549696686887539,0.00502486653483325
HON_1786027479_0,HON,SentRule,short,False,2026-08-06 14:45:00+00:00,2026-08-06 17:59:00+00:00,244.685,242.03,False,0.010850685575331531,0.010257017886370123,-0.0020255531318167375,0.008825132443514794
AAPL_1786027557_0,AAPL,SentRule,short,False,2026-08-06 14:46:00+00:00,2026-08-06 16:46:00+00:00,312.77,311.33,False,0.0046040221248840885,0.0040066053131156965,-0.002772385225199514,0.0018316368996845744
TSLA_1786027979_0,TSLA,SentRule,long,False,2026-08-06 14:53:00+00:00,2026-08-06 16:53:00+00:00,319.185,319.01,False,-0.0005482713786675308,-0.0011477625684834791,-0.0018119000922185435,0.0012636287135510127
MSFT_1786028245_0,MSFT,SentRule,long,False,2026-08-06 14:58:00+00:00,2026-08-06 16:58:00+00:00,498.305,493.6106859172168,True,-0.009420563877109767,-0.010014733287960209,-0.0026720280173812005,-0.006748535859728566
META_1786028245_0,META,SentRule,long,False,2026-08-06 14:58:00+00:00,2026-08-06 16:58:00+00:00,593.595,589.28,False,-0.0072692660820931065,-0.007864725884503043,-0.0026720280173812005,-0.004597238064711906
CVX_1786028548_0,CVX,SentRule,long,False,2026-08-06 15:03:00+00:00,2026-08-06 17:10:00+00:00,188.08,188.5,False,0.0022330923011484316,0.0016319327936200612,-0.002725432175673559,0.0049585244768219905
GOOGL_1786028880_0,GOOGL,SentRule,long,False,2026-08-06 15:08:00+00:00,2026-08-06 17:08:00+00:00,359.695,358.265,False,-0.003975590430781661,-0.004573025845898693,-0.0032307452771435097,-0.0007448451536381517
GOOGL_1786028978_0,GOOGL,SentRule,long,False,2026-08-06 15:10:00+00:00,2026-08-06 17:10:00+00:00,359.675,358.43,False,-0.003461458260930028,-0.004059202062832834,-0.0027707301879813517,-0.0006907280729486764
AAPL_1786029032_0,AAPL,SentRule,short,False,2026-08-06 15:11:00+00:00,2026-08-06 17:11:00+00:00,312.52,310.82,False,0.005439651862280792,0.004842736578813289,-0.003023304095084778,0.0024163477671960143
GOOGL_1786029121_0,GOOGL,SentRule,short,False,2026-08-06 15:13:00+00:00,2026-08-06 17:13:00+00:00,359.445,358.2,False,0.003463673162792613,0.0028655719363224197,-0.0023821887576267464,0.0010814844051658667
TSLA_1786030557_0,TSLA,SentRule,short,False,2026-08-06 15:36:00+00:00,2026-08-06 17:36:00+00:00,321.02,317.84,False,0.009905924864494486,0.009311690148998575,-0.0008455174566834867,0.009060407407811
META_1786030750_0,META,SentRule,long,False,2026-08-06 15:40:00+00:00,2026-08-06 17:41:00+00:00,589.62,588.275,False,-0.002281130219463412,-0.0028795820057958554,-0.0010341934266926422,-0.0012469367927707697
AMD_1786031444_0,AMD,SentRule,long,False,2026-08-06 15:51:00+00:00,2026-08-06 17:59:00+00:00,492.24,492.18,False,-0.00012189176011700997,-0.0007216387009786329,-0.0011955504730221111,0.0010736587129051012
CVX_1786032630_0,CVX,SentRule,long,False,2026-08-06 16:11:00+00:00,2026-08-06 18:17:00+00:00,189.06,188.48,False,-0.0030678091611129332,-0.0036657890816400585,0.0012168854240552918,-0.004284694585168225
JPM_1786033829_0,JPM,SentRule,short,False,2026-08-06 16:31:00+00:00,2026-08-06 18:56:00+00:00,357.09,356.555,False,0.001498221736816907,0.0008989408856037162,0.0004748832307672757,0.0019731049675841827
MSFT_1786035122_0,MSFT,SentRule,long,False,2026-08-06 16:53:00+00:00,2026-08-06 18:53:00+00:00,494.455,497.055,False,0.005258314710135492,0.004655340613538339,0.0003252688346919719,0.00493304587544352
TSLA_1786035520_0,TSLA,SentRule,long,False,2026-08-06 16:59:00+00:00,2026-08-06 18:59:00+00:00,318.96,318.715,False,-0.0007681213945321952,-0.0013674807138996936,1.9508008037183444e-05,-0.0007876294025693786
CVX_1786036477_0,CVX,SentRule,long,False,2026-08-06 17:15:00+00:00,2026-08-06 19:21:00+00:00,188.83,189.235,False,0.002144786315733782,0.0015436797759063037,0.0015166604828578123,0.0006281258328759698
META_1786036800_0,META,SentRule,short,False,2026-08-06 17:20:00+00:00,2026-08-06 19:21:00+00:00,588.365,590.05,False,-0.002863868516991941,-0.0034657674077691603,0.001236415695971882,-0.001627452821020059
MSFT_1786037400_0,MSFT,SentRule,long,False,2026-08-06 17:30:00+00:00,2026-08-06 19:30:00+00:00,496.44,499.16,False,0.0054790105551527635,0.004875904080761995,0.001198197494204356,0.004280813060948407
JPM_1786038385_0,JPM,SentRule,short,False,2026-08-06 17:47:00+00:00,2026-08-07 13:30:00+00:00,355.85,355.42,False,0.0012083743150204107,0.0006089195031658834,0.0033123787955695594,0.00452075311058997
AAPL_1786039775_0,AAPL,SentRule,short,False,2026-08-06 18:10:00+00:00,2026-08-07 13:40:00+00:00,312.06,312.07,False,-3.204511952836775e-05,-0.0006322444063859844,0.0032971749648820214,0.0032651298453536537
AMD_1786040455_0,AMD,SentRule,short,False,2026-08-06 18:21:00+00:00,2026-08-07 13:52:00+00:00,492.63,489.6,False,0.0061506607392971535,0.0055541721891757545,0.003287678353302015,0.009438339092599168
CVX_1786042166_0,CVX,SentRule,long,False,2026-08-06 18:50:00+00:00,2026-08-07 14:42:00+00:00,189.2,186.98,True,-0.011733615221987348,-0.012326397218255236,0.004122906844415519,-0.015856522066402867
MSFT_1786042275_0,MSFT,SentRule,long,False,2026-08-06 18:52:00+00:00,2026-08-07 14:22:00+00:00,497.115,503.32,False,0.012482021262685716,0.011874714242034345,0.0035897302499805495,0.008892291012705167
DIS_1786043780_0,DIS,SentRule,short,False,2026-08-06 19:17:00+00:00,2026-08-07 14:48:00+00:00,104.46,104.56,False,-0.0009573042312847058,-0.0015580588402062112,0.00416655833181645,0.0032092541005317443
MSFT_1786045052_0,MSFT,SentRule,long,False,2026-08-06 19:38:00+00:00,2026-08-07 15:08:00+00:00,499.35,502.635,False,0.006578552117753045,0.005974786116282882,0.005313648336639609,0.0012649037811134356
AAPL_1786045380_0,AAPL,SentRule,long,False,2026-08-06 19:43:00+00:00,2026-08-07 15:13:00+00:00,312.62,313.71,False,0.00348666112212892,0.0028847496988828603,0.005910342448365746,-0.002423681326236826
BA_1786045448_0,BA,SentRule,long,False,2026-08-06 19:45:00+00:00,2026-08-07 15:59:00+00:00,232.1,231.53,False,-0.0024558380008616876,-0.0030541849939631494,0.006280466772100368,-0.008736304772962056
TSLA_1786046260_0,TSLA,SentRule,long,False,2026-08-06 19:58:00+00:00,2026-08-07 15:28:00+00:00,319.77,333.33,False,0.04240547893798663,0.04178022322733721,0.006517497072980438,0.03588798186500619
AMD_1786046700_0,AMD,SentRule,long,False,2026-08-07 13:30:00+00:00,2026-08-07 15:31:00+00:00,497.98,486.9510356912953,True,-0.022147404130094972,-0.022733939726937713,0.003488975356679802,-0.025636379486774774
AMZN_1786047312_0,AMZN,SentRule,long,False,2026-08-07 13:30:00+00:00,2026-08-07 15:30:00+00:00,272.82,278.21,False,0.019756616083864698,0.01914494561535518,0.0035538261997405396,0.016202789884124158
XOM_1786048620_0,XOM,SentRule,long,False,2026-08-07 13:30:00+00:00,2026-08-07 15:40:00+00:00,152.4,152.83,False,0.002821522309711222,0.0022200098500635423,0.0031776913099870185,-0.0003561690002757967
MSFT_1786049782_0,MSFT,SentRule,long,False,2026-08-07 13:30:00+00:00,2026-08-07 15:30:00+00:00,499.98,502.05,False,0.004140165606624224,0.003537862198282893,0.0035538261997405396,0.0005863394068836847
GOOGL_1786049782_0,GOOGL,SentRule,long,False,2026-08-07 13:30:00+00:00,2026-08-07 15:30:00+00:00,356.34,357.09,False,0.0021047314362687697,0.0015036489221611493,0.0035538261997405396,-0.00144909476347177
GOOGL_1786050279_0,GOOGL,SentRule,short,False,2026-08-07 13:30:00+00:00,2026-08-07 15:30:00+00:00,356.34,357.09,False,-0.0021047314362687697,-0.0027061747081120746,0.0035538261997405396,0.00144909476347177
AMD_1786051643_0,AMD,SentRule,long,False,2026-08-07 13:30:00+00:00,2026-08-07 15:31:00+00:00,497.98,486.9510356912953,True,-0.022147404130094972,-0.022733939726937713,0.003488975356679802,-0.025636379486774774
GS_1786051980_0,GS,SentRule,long,False,2026-08-07 13:30:00+00:00,2026-08-07 17:35:00+00:00,1036.345,1039.97,False,0.0034978699178362938,0.002895951771329397,0.0013359273670556782,0.0021619425507806156
META_1786053582_0,META,SentRule,short,False,2026-08-07 13:30:00+00:00,2026-08-07 15:30:00+00:00,585.75,591.6167685440433,True,-0.01001582337864848,-0.010622014730080842,0.0035538261997405396,-0.006461997178907941
TSLA_1786054800_0,TSLA,SentRule,long,False,2026-08-07 13:30:00+00:00,2026-08-07 15:30:00+00:00,322.295,333.355,False,0.03431638716083096,0.03369598344964775,0.0035538261997405396,0.030762560961090424
GS_1786057824_0,GS,SentRule,long,False,2026-08-07 13:30:00+00:00,2026-08-07 17:35:00+00:00,1036.345,1039.97,False,0.0034978699178362938,0.002895951771329397,0.0013359273670556782,0.0021619425507806156
AMD_1786058752_0,AMD,SentRule,long,False,2026-08-07 13:30:00+00:00,2026-08-07 15:31:00+00:00,497.98,486.9510356912953,True,-0.022147404130094972,-0.022733939726937713,0.003488975356679802,-0.025636379486774774
META_1786060244_0,META,SentRule,short,False,2026-08-07 13:30:00+00:00,2026-08-07 15:30:00+00:00,585.75,591.6167685440433,True,-0.01001582337864848,-0.010622014730080842,0.0035538261997405396,-0.006461997178907941
GOOGL_1786060385_0,GOOGL,SentRule,long,False,2026-08-07 13:30:00+00:00,2026-08-07 15:30:00+00:00,356.34,357.09,False,0.0021047314362687697,0.0015036489221611493,0.0035538261997405396,-0.00144909476347177
META_1786066403_0,META,SentRule,short,False,2026-08-07 13:30:00+00:00,2026-08-07 15:30:00+00:00,585.75,591.6167685440433,True,-0.01001582337864848,-0.010622014730080842,0.0035538261997405396,-0.006461997178907941
META_1786066980_0,META,SentRule,short,False,2026-08-07 13:30:00+00:00,2026-08-07 15:30:00+00:00,585.75,591.6167685440433,True,-0.01001582337864848,-0.010622014730080842,0.0035538261997405396,-0.006461997178907941
BAC_1786067220_0,BAC,SentRule,short,False,2026-08-07 13:30:00+00:00,2026-08-07 15:31:00+00:00,62.62,62.95046821680818,True,-0.005277358939766552,-0.005880706359356225,0.003488975356679802,-0.00178838358308675
META_1786071420_0,META,SentRule,short,False,2026-08-07 13:30:00+00:00,2026-08-07 15:30:00+00:00,585.75,591.6167685440433,True,-0.01001582337864848,-0.010622014730080842,0.0035538261997405396,-0.006461997178907941
DIS_1786073193_0,DIS,SentRule,long,False,2026-08-07 13:31:00+00:00,2026-08-07 15:32:00+00:00,104.195,104.67,False,0.004558760017275398,0.003956205527611889,0.0037809512691804326,0.0007778087480949658
AAPL_1786077383_0,AAPL,SentRule,short,False,2026-08-07 13:30:00+00:00,2026-08-07 15:30:00+00:00,311.395,314.09656144983194,True,-0.008675673822097218,-0.009281060842496469,0.0035538261997405396,-0.005121847622356679
MSFT_1786077593_0,MSFT,SentRule,long,False,2026-08-07 13:30:00+00:00,2026-08-07 15:30:00+00:00,499.98,502.05,False,0.004140165606624224,0.003537862198282893,0.0035538261997405396,0.0005863394068836847
AMZN_1786082516_0,AMZN,SentRule,long,False,2026-08-07 13:30:00+00:00,2026-08-07 15:30:00+00:00,272.82,278.21,False,0.019756616083864698,0.01914494561535518,0.0035538261997405396,0.016202789884124158
HON_1786086787_0,HON,SentRule,short,False,2026-08-07 13:30:00+00:00,2026-08-07 17:12:00+00:00,240.47,242.58,True,-0.00877448330353059,-0.009379929627409744,0.0015434500648510152,-0.007231033238679574
META_1786090336_0,META,SentRule,short,False,2026-08-07 13:30:00+00:00,2026-08-07 15:30:00+00:00,585.75,591.6167685440433,True,-0.01001582337864848,-0.010622014730080842,0.0035538261997405396,-0.006461997178907941
META_1786092687_0,META,SentRule,short,False,2026-08-07 13:30:00+00:00,2026-08-07 15:30:00+00:00,585.75,591.6167685440433,True,-0.01001582337864848,-0.010622014730080842,0.0035538261997405396,-0.006461997178907941
WMT_1786092705_0,WMT,SentRule,short,False,2026-08-07 13:30:00+00:00,2026-08-07 15:34:00+00:00,110.705,111.5707537699652,True,-0.007820367372433079,-0.008425241054961008,0.003203631647211491,-0.004616735725221588
MSFT_1786093380_0,MSFT,SentRule,short,False,2026-08-07 13:30:00+00:00,2026-08-07 15:30:00+00:00,499.98,504.425,True,-0.008890355614224577,-0.009495871482353424,0.0035538261997405396,-0.005336529414484037
AMD_1786094146_0,AMD,SentRule,short,False,2026-08-07 13:30:00+00:00,2026-08-07 15:31:00+00:00,497.98,482.89,False,0.03030242178400744,0.02972042863913449,0.003488975356679802,0.03379139714068724
META_1786094219_0,META,SentRule,short,False,2026-08-07 13:30:00+00:00,2026-08-07 15:30:00+00:00,585.75,591.6167685440433,True,-0.01001582337864848,-0.010622014730080842,0.0035538261997405396,-0.006461997178907941
AAPL_1786096800_0,AAPL,SentRule,long,False,2026-08-07 13:30:00+00:00,2026-08-07 15:30:00+00:00,311.395,313.275,False,0.006037348062749803,0.005433906686325152,0.0035538261997405396,0.0024835218630092637
META_1786096800_0,META,SentRule,short,False,2026-08-07 13:30:00+00:00,2026-08-07 15:30:00+00:00,585.75,591.6167685440433,True,-0.01001582337864848,-0.010622014730080842,0.0035538261997405396,-0.006461997178907941
BAC_1786096818_0,BAC,SentRule,long,False,2026-08-07 13:30:00+00:00,2026-08-07 15:31:00+00:00,62.62,62.83,False,0.0033535611625679085,0.0027517295753465287,0.003488975356679802,-0.0001354141941118936
META_1786097179_0,META,SentRule,short,False,2026-08-07 13:30:00+00:00,2026-08-07 15:30:00+00:00,585.75,591.6167685440433,True,-0.01001582337864848,-0.010622014730080842,0.0035538261997405396,-0.006461997178907941
AAPL_1786097400_0,AAPL,SentRule,short,False,2026-08-07 13:30:00+00:00,2026-08-07 15:30:00+00:00,311.395,314.09656144983194,True,-0.008675673822097218,-0.009281060842496469,0.0035538261997405396,-0.005121847622356679
AMZN_1786098000_0,AMZN,SentRule,long,False,2026-08-07 13:30:00+00:00,2026-08-07 15:30:00+00:00,272.82,278.21,False,0.019756616083864698,0.01914494561535518,0.0035538261997405396,0.016202789884124158
XOM_1786099395_0,XOM,SentRule,long,False,2026-08-07 13:30:00+00:00,2026-08-07 15:40:00+00:00,152.4,152.83,False,0.002821522309711222,0.0022200098500635423,0.0031776913099870185,-0.0003561690002757967
AAPL_1786100405_0,AAPL,SentRule,long,False,2026-08-07 13:30:00+00:00,2026-08-07 15:30:00+00:00,311.395,313.275,False,0.006037348062749803,0.005433906686325152,0.0035538261997405396,0.0024835218630092637
BAC_1786100520_0,BAC,SentRule,long,False,2026-08-07 13:30:00+00:00,2026-08-07 15:31:00+00:00,62.62,62.83,False,0.0033535611625679085,0.0027517295753465287,0.003488975356679802,-0.0001354141941118936
AMD_1786100580_0,AMD,SentRule,short,False,2026-08-07 13:30:00+00:00,2026-08-07 15:31:00+00:00,497.98,482.89,False,0.03030242178400744,0.02972042863913449,0.003488975356679802,0.03379139714068724
HON_1786101614_0,HON,SentRule,short,False,2026-08-07 13:30:00+00:00,2026-08-07 17:12:00+00:00,240.47,242.58,True,-0.00877448330353059,-0.009379929627409744,0.0015434500648510152,-0.007231033238679574
GOOGL_1786101692_0,GOOGL,SentRule,short,False,2026-08-07 13:30:00+00:00,2026-08-07 15:30:00+00:00,356.34,357.09,False,-0.0021047314362687697,-0.0027061747081120746,0.0035538261997405396,0.00144909476347177
BA_1786101782_0,BA,SentRule,short,False,2026-08-07 13:30:00+00:00,2026-08-07 16:41:00+00:00,233.715,231.85,False,0.007979804462700302,0.007384413728157679,0.001952010376134794,0.009931814838835096
BAC_1786102378_0,BAC,SentRule,long,False,2026-08-07 13:30:00+00:00,2026-08-07 15:31:00+00:00,62.62,62.83,False,0.0033535611625679085,0.0027517295753465287,0.003488975356679802,-0.0001354141941118936
AMD_1786102763_0,AMD,SentRule,long,False,2026-08-07 13:30:00+00:00,2026-08-07 15:31:00+00:00,497.98,486.9510356912953,True,-0.022147404130094972,-0.022733939726937713,0.003488975356679802,-0.025636379486774774
NFLX_1786104606_0,NFLX,SentRule,short,False,2026-08-07 13:30:00+00:00,2026-08-07 15:30:00+00:00,73.125,73.82433508317823,True,-0.009563556693035657,-0.010169476603024252,0.0035538261997405396,-0.006009730493295118
META_1786105586_0,META,SentRule,short,False,2026-08-07 13:30:00+00:00,2026-08-07 15:30:00+00:00,585.75,591.6167685440433,True,-0.01001582337864848,-0.010622014730080842,0.0035538261997405396,-0.006461997178907941
AMD_1786105620_0,AMD,SentRule,long,False,2026-08-07 13:30:00+00:00,2026-08-07 15:31:00+00:00,497.98,486.9510356912953,True,-0.022147404130094972,-0.022733939726937713,0.003488975356679802,-0.025636379486774774
UNH_1786107540_0,UNH,SentRule,long,False,2026-08-07 13:30:00+00:00,2026-08-07 15:39:00+00:00,401.585,408.37,False,0.016895551377666074,0.016285597033142807,0.0030933852140078155,0.013802166163658258
HON_1786108354_0,HON,SentRule,short,False,2026-08-07 13:30:00+00:00,2026-08-07 17:12:00+00:00,240.47,242.58,True,-0.00877448330353059,-0.009379929627409744,0.0015434500648510152,-0.007231033238679574
NFLX_1786108502_0,NFLX,SentRule,long,False,2026-08-07 13:30:00+00:00,2026-08-07 15:30:00+00:00,73.125,74.065,False,0.012854700854700862,0.012247170293356646,0.0035538261997405396,0.009300874654960323
GS_1786108948_0,GS,SentRule,long,False,2026-08-07 13:30:00+00:00,2026-08-07 17:35:00+00:00,1036.345,1039.97,False,0.0034978699178362938,0.002895951771329397,0.0013359273670556782,0.0021619425507806156
GS_1786110004_0,GS,SentRule,short,False,2026-08-07 13:42:00+00:00,2026-08-07 18:05:00+00:00,1044.62,1037.92,False,0.00641381555015208,0.005817484940299211,0.0011022141537264663,0.007516029703878546
AAPL_1786110222_0,AAPL,SentRule,long,False,2026-08-07 13:44:00+00:00,2026-08-07 15:44:00+00:00,311.755,312.59,False,0.0026783852704848066,0.002076958667303508,0.0015933880871568107,0.0010849971833279959
AMZN_1786110263_0,AMZN,SentRule,short,False,2026-08-07 13:45:00+00:00,2026-08-07 15:45:00+00:00,276.54,277.59,False,-0.003796919071382021,-0.004399377960491613,0.0016452588691759917,-0.0021516602022060294
AMD_1786110501_0,AMD,SentRule,long,False,2026-08-07 13:49:00+00:00,2026-08-07 15:50:00+00:00,489.14,478.30681874380537,True,-0.02214740413009486,-0.022733939726937713,0.0030341143368386447,-0.025181518466933506
META_1786110754_0,META,SentRule,short,False,2026-08-07 13:53:00+00:00,2026-08-07 15:56:00+00:00,591.63,597.64,True,-0.010158376012034509,-0.01076465292071438,0.0013080105935907582,-0.00885036541844375
BA_1786112580_0,BA,SentRule,short,False,2026-08-07 14:23:00+00:00,2026-08-07 18:27:00+00:00,232.01,233.15,False,-0.0049135813111504945,-0.005516710398663305,-1.2957983737682532e-05,-0.004926539294888177
TSLA_1786114835_0,TSLA,SentRule,long,False,2026-08-07 15:01:00+00:00,2026-08-07 17:01:00+00:00,329.88,327.9,False,-0.0060021826118589194,-0.006598402436344353,-0.0007764879450247175,-0.005225694666834202
BAC_1786115161_0,BAC,SentRule,long,False,2026-08-07 15:07:00+00:00,2026-08-07 17:10:00+00:00,62.9,63.055,False,0.0024642289348171253,0.0018629307869006961,-0.0009703713287617655,0.003434600263578891
XOM_1786115400_0,XOM,SentRule,long,False,2026-08-07 15:10:00+00:00,2026-08-07 17:33:00+00:00,152.735,153.1,False,0.0023897600419025,0.0017885065619214213,-0.0012936108559823412,0.003683370897884841
BA_1786116387_0,BA,SentRule,short,False,2026-08-07 15:27:00+00:00,2026-08-07 19:29:00+00:00,231.99,234.01013884523655,True,-0.008707870361811088,-0.009313276705931406,-0.0008530107401806264,-0.009560881101991714
MSFT_1786117620_0,MSFT,SentRule,long,False,2026-08-07 15:47:00+00:00,2026-08-07 17:47:00+00:00,503.41,499.4529579427323,True,-0.007860475670462885,-0.008455580853505618,-0.0010863239573229988,-0.0067741517131398865
CAT_1786119360_0,CAT,SentRule,long,False,2026-08-07 16:18:00+00:00,2026-08-07 19:20:00+00:00,847.98,846.86,False,-0.001320785867591212,-0.0019198136877245364,8.408307407736793e-05,-0.00140486894166858
AAPL_1786119393_0,AAPL,SentRule,short,False,2026-08-07 16:17:00+00:00,2026-08-07 18:17:00+00:00,311.83,312.065,False,-0.0007536157521728093,-0.0013542481113317795,-0.001901386589403975,-0.0026550023415767843
AMZN_1786120500_0,AMZN,SentRule,short,False,2026-08-07 16:35:00+00:00,2026-08-07 18:40:00+00:00,276.155,274.27,False,0.006825876772102557,0.006229793473176204,-0.0007513829332433941,0.006074493838859163
MSFT_1786120712_0,MSFT,SentRule,long,False,2026-08-07 16:39:00+00:00,2026-08-07 18:39:00+00:00,502.93,499.1353921869016,True,-0.007545001914975091,-0.008140296325502838,-0.0006413412453680767,-0.006903660669607015
META_1786121222_0,META,SentRule,long,False,2026-08-07 16:48:00+00:00,2026-08-07 18:54:00+00:00,593.905,590.57,False,-0.005615376196529631,-0.006211828035259881,-0.0015663227660484003,-0.004049053430481231
XOM_1786121702_0,XOM,SentRule,long,False,2026-08-07 16:56:00+00:00,2026-08-07 19:20:00+00:00,153.37,152.28,True,-0.0071069961530938475,-0.007702553288261305,0.001139556867772562,-0.00824655302086641
TSLA_1786121863_0,TSLA,SentRule,long,False,2026-08-07 16:58:00+00:00,2026-08-07 18:58:00+00:00,327.75,327.46,False,-0.0008848207475210534,-0.001484110068276201,-0.0007965289470276415,-8.82918004934119e-05
BAC_1786122501_0,BAC,SentRule,short,False,2026-08-07 17:09:00+00:00,2026-08-07 19:23:00+00:00,63.03,63.17,False,-0.0022211645248293443,-0.0028226776774902262,0.001230195471585649,-0.0009909690532436954
AMD_1786122900_0,AMD,SentRule,short,False,2026-08-07 17:15:00+00:00,2026-08-07 19:16:00+00:00,479.79,481.47,False,-0.003501531920215184,-0.004103813523848254,0.0015219122989942324,-0.0019796196212209516
AMD_1786123065_0,AMD,SentRule,long,False,2026-08-07 17:18:00+00:00,2026-08-07 19:19:00+00:00,480.735,480.57,False,-0.0003432244375799476,-0.0009428386186629556,0.0008546897864569747,-0.0011979142240369223
META_1786124983_0,META,SentRule,short,False,2026-08-07 17:50:00+00:00,2026-08-07 19:55:00+00:00,592.26,594.18,False,-0.0032418194711780757,-0.0038439452005796237,0.0008740466417187509,-0.0023677728294593248
BA_1786126267_0,BA,SentRule,long,False,2026-08-07 18:13:00+00:00,2026-08-10 14:15:00+00:00,232.83,234.075,False,0.005347249065841941,0.004744221624634726,0.0030578266108656216,0.00228942245497632
CAT_1786127405_0,CAT,SentRule,long,False,2026-08-07 18:31:00+00:00,2026-08-10 14:22:00+00:00,841.66,844.22,False,0.003041608250362371,0.002439963778753773,0.0035130703067778324,-0.00047146205641546146
GOOGL_1786127594_0,GOOGL,SentRule,long,False,2026-08-07 18:34:00+00:00,2026-08-10 14:04:00+00:00,354.26,353.745,False,-0.001453734545249219,-0.0020526826200994996,0.002747430763448744,-0.004201165308697963
META_1786127637_0,META,SentRule,long,False,2026-08-07 18:34:00+00:00,2026-08-10 14:05:00+00:00,591.68,597.215,False,0.009354718766901193,0.008749287565001707,0.00270207223669372,0.006652646530207473
MSFT_1786127918_0,MSFT,SentRule,short,False,2026-08-07 18:39:00+00:00,2026-08-10 14:09:00+00:00,499.35,503.675,True,-0.00866125963752884,-0.009266638006822037,0.00353304204644167,-0.00512821759108717
BAC_1786128565_0,BAC,SentRule,long,False,2026-08-07 18:50:00+00:00,2026-08-10 14:26:00+00:00,63.115,63.76,False,0.010219440703477689,0.009613490824019522,0.0037341008985181112,0.006485339804959578
WMT_1786129650_0,WMT,SentRule,short,False,2026-08-07 19:08:00+00:00,2026-08-10 14:38:00+00:00,111.45,111.23,False,0.001973979362942968,0.001374984051967565,0.0023623830943984014,0.0043363624573413695
BAC_1786129759_0,BAC,SentRule,long,False,2026-08-07 19:10:00+00:00,2026-08-10 14:43:00+00:00,63.15,63.75,False,0.009501187648456089,0.008895668591584194,0.0024201480561163446,0.007081039592339744
JNJ_1786129835_0,JNJ,SentRule,long,False,2026-08-07 19:11:00+00:00,2026-08-10 15:22:00+00:00,257.16,260.32,False,0.01228806968424312,0.0116808789996381,0.0011643250795621007,0.011123744604681018
META_1786130863_0,META,SentRule,short,False,2026-08-07 19:28:00+00:00,2026-08-10 14:58:00+00:00,592.82,599.28,True,-0.010897068250058872,-0.011503788507085888,0.0010608089314938507,-0.009836259318565022
CAT_1786131420_0,CAT,SentRule,short,False,2026-08-07 19:37:00+00:00,2026-08-10 15:52:00+00:00,844.36,853.4282304865103,True,-0.010739767973980685,-0.011346393822519563,0.0016238282235578883,-0.009115939750422797
META_1786132397_0,META,SentRule,long,False,2026-08-07 19:54:00+00:00,2026-08-10 15:24:00+00:00,595.33,599.515,False,0.007029714612063698,0.006425677994281953,0.001164264831440276,0.005865449780623422
META_1786132574_0,META,SentRule,short,False,2026-08-07 19:57:00+00:00,2026-08-10 15:27:00+00:00,593.45,599.28,True,-0.009823911028730148,-0.010429987198198098,0.0009767836003855557,-0.008847127428344592
AMZN_1786134000_0,AMZN,SentRule,long,False,2026-08-10 13:30:00+00:00,2026-08-10 15:30:00+00:00,274.38,279.445,False,0.018459800276988014,0.017848907664605784,0.0012811056329826709,0.017178694644005343
AAPL_1786135140_0,AAPL,SentRule,short,False,2026-08-10 13:30:00+00:00,2026-08-10 15:30:00+00:00,306.74,306.515,False,0.0007335202451588252,0.00013378043536305118,0.0012811056329826709,0.002014625878141496
BA_1786135661_0,BA,SentRule,long,False,2026-08-10 13:31:00+00:00,2026-08-10 16:04:00+00:00,232.9,235.39,False,0.01069128381279505,0.010085050912377547,0.0011315289218791769,0.009559754890915872
GOOGL_1786136379_0,GOOGL,SentRule,long,False,2026-08-10 13:30:00+00:00,2026-08-10 15:30:00+00:00,355.23,352.99231379386805,True,-0.0062992602148803645,-0.00689530184626197,0.0012811056329826709,-0.007580365847863035
BAC_1786136716_0,BAC,SentRule,long,False,2026-08-10 13:30:00+00:00,2026-08-10 15:30:00+00:00,63.16,63.935,False,0.012270424319189344,0.011663244218628188,0.0012811056329826709,0.010989318686206673
BAC_1786140420_0,BAC,SentRule,short,False,2026-08-10 13:30:00+00:00,2026-08-10 15:30:00+00:00,63.16,63.46683429476303,True,-0.004858047732156923,-0.005461143489523312,0.0012811056329826709,-0.0035769420991742518
GS_1786169643_0,GS,SentRule,short,False,2026-08-10 13:30:00+00:00,2026-08-10 17:34:00+00:00,1037.62,1032.305,False,0.005122299107572892,0.004525193355311985,0.0004399756719335457,0.0055622747795064376
JPM_1786177500_0,JPM,SentRule,short,False,2026-08-10 13:30:00+00:00,2026-08-10 15:32:00+00:00,357.52,359.4604700444075,True,-0.005427584595008694,-0.006031022177040324,0.001048177336076872,-0.004379407258931822
BAC_1786180501_0,BAC,SentRule,long,False,2026-08-10 13:30:00+00:00,2026-08-10 15:30:00+00:00,63.16,63.935,False,0.012270424319189344,0.011663244218628188,0.0012811056329826709,0.010989318686206673
PFE_1786183804_0,PFE,SentRule,long,False,2026-08-10 13:30:00+00:00,2026-08-10 15:32:00+00:00,26.585,27.055,False,0.017679142373518753,0.017068718015402107,0.001048177336076872,0.01663096503744188
AMD_1786184400_0,AMD,SentRule,short,False,2026-08-10 13:30:00+00:00,2026-08-10 15:30:00+00:00,475.64,476.04,False,-0.0008409721638213963,-0.0014416569525563805,0.0012811056329826709,0.0004401334691612746
TSLA_1786186800_0,TSLA,SentRule,long,False,2026-08-10 13:30:00+00:00,2026-08-10 15:30:00+00:00,326.66,329.26,False,0.007959346109104093,0.007354751879707688,0.0012811056329826709,0.006678240476121422
GOOGL_1786192733_0,GOOGL,SentRule,long,False,2026-08-10 13:30:00+00:00,2026-08-10 15:30:00+00:00,355.23,352.99231379386805,True,-0.0062992602148803645,-0.00689530184626197,0.0012811056329826709,-0.007580365847863035
TSLA_1786195414_0,TSLA,SentRule,short,False,2026-08-10 13:30:00+00:00,2026-08-10 15:30:00+00:00,326.66,330.22295147201766,True,-0.010907216898357941,-0.011513943246401315,0.0012811056329826709,-0.00962611126537527
BAC_1786198020_0,BAC,SentRule,long,False,2026-08-10 13:30:00+00:00,2026-08-10 15:30:00+00:00,63.16,63.935,False,0.012270424319189344,0.011663244218628188,0.0012811056329826709,0.010989318686206673
JPM_1786203300_0,JPM,SentRule,long,False,2026-08-10 13:30:00+00:00,2026-08-10 15:32:00+00:00,357.52,359.305,False,0.004992727679570486,0.004389912887400538,0.001048177336076872,0.0039445503434936136
MSFT_1786203516_0,MSFT,SentRule,short,False,2026-08-10 13:30:00+00:00,2026-08-10 15:30:00+00:00,503.675,507.25198674668667,True,-0.007101775443860925,-0.007706217841846552,0.0012811056329826709,-0.005820669810878254
GOOGL_1786207123_0,GOOGL,SentRule,long,False,2026-08-10 13:30:00+00:00,2026-08-10 15:30:00+00:00,355.23,352.99231379386805,True,-0.0062992602148803645,-0.00689530184626197,0.0012811056329826709,-0.007580365847863035
AMZN_1786207123_0,AMZN,SentRule,long,False,2026-08-10 13:30:00+00:00,2026-08-10 15:30:00+00:00,274.38,279.445,False,0.018459800276988014,0.017848907664605784,0.0012811056329826709,0.017178694644005343
MSFT_1786213804_0,MSFT,SentRule,long,False,2026-08-10 13:30:00+00:00,2026-08-10 15:30:00+00:00,503.675,509.62,False,0.011803246140864587,0.011196346263143475,0.0012811056329826709,0.010522140507881916
MSFT_1786215584_0,MSFT,SentRule,long,False,2026-08-10 13:30:00+00:00,2026-08-10 15:30:00+00:00,503.675,509.62,False,0.011803246140864587,0.011196346263143475,0.0012811056329826709,0.010522140507881916
GS_1786216138_0,GS,SentRule,long,False,2026-08-10 13:30:00+00:00,2026-08-10 17:34:00+00:00,1037.62,1032.305,False,-0.005122299107572892,-0.005719046703829278,0.0004399756719335457,-0.0055622747795064376
CAT_1786219620_0,CAT,SentRule,long,False,2026-08-10 13:30:00+00:00,2026-08-10 16:32:00+00:00,849.04,839.18,True,-0.011613115989823841,-0.012205970263947652,0.00016822599220978063,-0.011781341982033622
AMZN_1786219794_0,AMZN,SentRule,long,False,2026-08-10 13:30:00+00:00,2026-08-10 15:30:00+00:00,274.38,279.445,False,0.018459800276988014,0.017848907664605784,0.0012811056329826709,0.017178694644005343
DIS_1786222980_0,DIS,SentRule,short,False,2026-08-10 13:30:00+00:00,2026-08-10 15:32:00+00:00,104.61,103.03,False,0.015103718573750147,0.014512603470363428,0.001048177336076872,0.01615189590982702
AMD_1786226820_0,AMD,SentRule,long,False,2026-08-10 13:30:00+00:00,2026-08-10 15:30:00+00:00,475.64,476.04,False,0.0008409721638213963,0.0002406476778689104,0.0012811056329826709,-0.0004401334691612746
DIS_1786249544_0,DIS,SentRule,short,False,2026-08-10 13:30:00+00:00,2026-08-10 15:32:00+00:00,104.61,103.03,False,0.015103718573750147,0.014512603470363428,0.001048177336076872,0.01615189590982702
MSFT_1786267500_0,MSFT,SentRule,long,False,2026-08-10 13:30:00+00:00,2026-08-10 15:30:00+00:00,503.675,509.62,False,0.011803246140864587,0.011196346263143475,0.0012811056329826709,0.010522140507881916
AMD_1786271174_0,AMD,SentRule,long,False,2026-08-10 13:30:00+00:00,2026-08-10 15:30:00+00:00,475.64,476.04,False,0.0008409721638213963,0.0002406476778689104,0.0012811056329826709,-0.0004401334691612746
AAPL_1786273223_0,AAPL,SentRule,short,False,2026-08-10 13:30:00+00:00,2026-08-10 15:30:00+00:00,306.74,306.515,False,0.0007335202451588252,0.00013378043536305118,0.0012811056329826709,0.002014625878141496
PG_1786280433_0,PG,SentRule,short,False,2026-08-10 13:31:00+00:00,2026-08-10 15:43:00+00:00,144.23,145.275,True,-0.007245371975317383,-0.007849900557076905,0.00043967980964465525,-0.006805692165672728
AMD_1786281302_0,AMD,SentRule,short,False,2026-08-10 13:30:00+00:00,2026-08-10 15:30:00+00:00,475.64,476.04,False,-0.0008409721638213963,-0.0014416569525563805,0.0012811056329826709,0.0004401334691612746
AMD_1786284002_0,AMD,SentRule,short,False,2026-08-10 13:30:00+00:00,2026-08-10 15:30:00+00:00,475.64,476.04,False,-0.0008409721638213963,-0.0014416569525563805,0.0012811056329826709,0.0004401334691612746
MSFT_1786286580_0,MSFT,SentRule,short,False,2026-08-10 13:30:00+00:00,2026-08-10 15:30:00+00:00,503.675,507.25198674668667,True,-0.007101775443860925,-0.007706217841846552,0.0012811056329826709,-0.005820669810878254
XOM_1786291213_0,XOM,SentRule,long,False,2026-08-10 13:30:00+00:00,2026-08-10 15:40:00+00:00,154.5,158.305,False,0.024627831715210435,0.024013239393877672,0.0008993620352757414,0.023728469679934694
AAPL_1786291213_0,AAPL,SentRule,long,False,2026-08-10 13:30:00+00:00,2026-08-10 15:30:00+00:00,306.74,306.515,False,-0.0007335202451588252,-0.0013329003189894717,0.0012811056329826709,-0.002014625878141496
TSLA_1786294860_0,TSLA,SentRule,long,False,2026-08-10 13:30:00+00:00,2026-08-10 15:30:00+00:00,326.66,329.26,False,0.007959346109104093,0.007354751879707688,0.0012811056329826709,0.006678240476121422
UNH_1786299182_0,UNH,SentRule,long,False,2026-08-10 13:30:00+00:00,2026-08-10 15:47:00+00:00,410.08,410.775,False,0.0016947912602418569,0.0010939546364729935,0.0012293437892259007,0.0004654474710159562
PG_1786300514_0,PG,SentRule,short,False,2026-08-10 13:31:00+00:00,2026-08-10 15:43:00+00:00,144.23,145.275,True,-0.007245371975317383,-0.007849900557076905,0.00043967980964465525,-0.006805692165672728
GOOGL_1786302840_0,GOOGL,SentRule,long,False,2026-08-10 13:30:00+00:00,2026-08-10 15:30:00+00:00,355.23,352.99231379386805,True,-0.0062992602148803645,-0.00689530184626197,0.0012811056329826709,-0.007580365847863035
META_1786304204_0,META,SentRule,long,False,2026-08-10 13:30:00+00:00,2026-08-10 15:30:00+00:00,599.28,594.1787259372262,True,-0.008512338243848894,-0.009107052426647555,0.0012811056329826709,-0.009793443876831565
AMZN_1786306241_0,AMZN,SentRule,long,False,2026-08-10 13:30:00+00:00,2026-08-10 15:30:00+00:00,274.38,279.445,False,0.018459800276988014,0.017848907664605784,0.0012811056329826709,0.017178694644005343
AMZN_1786309157_0,AMZN,SentRule,long,False,2026-08-10 13:30:00+00:00,2026-08-10 15:30:00+00:00,274.38,279.445,False,0.018459800276988014,0.017848907664605784,0.0012811056329826709,0.017178694644005343
AMD_1786309380_0,AMD,SentRule,short,False,2026-08-10 13:30:00+00:00,2026-08-10 15:30:00+00:00,475.64,476.04,False,-0.0008409721638213963,-0.0014416569525563805,0.0012811056329826709,0.0004401334691612746
GOOGL_1786309500_0,GOOGL,SentRule,long,False,2026-08-10 13:30:00+00:00,2026-08-10 15:30:00+00:00,355.23,352.99231379386805,True,-0.0062992602148803645,-0.00689530184626197,0.0012811056329826709,-0.007580365847863035
AAPL_1786309597_0,AAPL,SentRule,short,False,2026-08-10 13:30:00+00:00,2026-08-10 15:30:00+00:00,306.74,306.515,False,0.0007335202451588252,0.00013378043536305118,0.0012811056329826709,0.002014625878141496
AMZN_1786329735_0,AMZN,SentRule,long,False,2026-08-10 13:30:00+00:00,2026-08-10 15:30:00+00:00,274.38,279.445,False,0.018459800276988014,0.017848907664605784,0.0012811056329826709,0.017178694644005343
CVX_1786330382_0,CVX,SentRule,short,False,2026-08-10 13:31:00+00:00,2026-08-10 15:43:00+00:00,189.275,190.61,True,-0.007053229428080954,-0.007657642689716138,0.00043967980964465525,-0.0066135496184362985
XOM_1786330382_0,XOM,SentRule,short,False,2026-08-10 13:30:00+00:00,2026-08-10 15:40:00+00:00,154.5,155.735,True,-0.007993527508090681,-0.008598505117878297,0.0008993620352757414,-0.0070941654728149395
GOOGL_1786331407_0,GOOGL,SentRule,long,False,2026-08-10 13:30:00+00:00,2026-08-10 15:30:00+00:00,355.23,352.99231379386805,True,-0.0062992602148803645,-0.00689530184626197,0.0012811056329826709,-0.007580365847863035
MSFT_1786338641_0,MSFT,SentRule,long,False,2026-08-10 13:30:00+00:00,2026-08-10 15:30:00+00:00,503.675,509.62,False,0.011803246140864587,0.011196346263143475,0.0012811056329826709,0.010522140507881916
META_1786339800_0,META,SentRule,long,False,2026-08-10 13:30:00+00:00,2026-08-10 15:30:00+00:00,599.28,594.1787259372262,True,-0.008512338243848894,-0.009107052426647555,0.0012811056329826709,-0.009793443876831565
AMZN_1786340151_0,AMZN,SentRule,short,False,2026-08-10 13:30:00+00:00,2026-08-10 15:30:00+00:00,274.38,276.3351068831666,True,-0.007125544438977283,-0.007730001102639772,0.0012811056329826709,-0.005844438805994612
GOOGL_1786340151_0,GOOGL,SentRule,short,False,2026-08-10 13:30:00+00:00,2026-08-10 15:30:00+00:00,355.23,354.525,False,0.0019846296765476668,0.0013856407576779972,0.0012811056329826709,0.0032657353095303376
AAPL_1786341655_0,AAPL,SentRule,long,False,2026-08-10 13:30:00+00:00,2026-08-10 15:30:00+00:00,306.74,306.515,False,-0.0007335202451588252,-0.0013329003189894717,0.0012811056329826709,-0.002014625878141496
JPM_1786342851_0,JPM,SentRule,short,False,2026-08-10 13:30:00+00:00,2026-08-10 15:32:00+00:00,357.52,359.4604700444075,True,-0.005427584595008694,-0.006031022177040324,0.001048177336076872,-0.004379407258931822
TSLA_1786345791_0,TSLA,SentRule,short,False,2026-08-10 13:30:00+00:00,2026-08-10 15:30:00+00:00,326.66,330.22295147201766,True,-0.010907216898357941,-0.011513943246401315,0.0012811056329826709,-0.00962611126537527
AAPL_1786346136_0,AAPL,SentRule,short,False,2026-08-10 13:30:00+00:00,2026-08-10 15:30:00+00:00,306.74,306.515,False,0.0007335202451588252,0.00013378043536305118,0.0012811056329826709,0.002014625878141496
AAPL_1786346452_0,AAPL,SentRule,long,False,2026-08-10 13:30:00+00:00,2026-08-10 15:30:00+00:00,306.74,306.515,False,-0.0007335202451588252,-0.0013329003189894717,0.0012811056329826709,-0.002014625878141496
MSFT_1786346539_0,MSFT,SentRule,long,False,2026-08-10 13:30:00+00:00,2026-08-10 15:30:00+00:00,503.675,509.62,False,0.011803246140864587,0.011196346263143475,0.0012811056329826709,0.010522140507881916
META_1786347000_0,META,SentRule,long,False,2026-08-10 13:30:00+00:00,2026-08-10 15:30:00+00:00,599.28,594.1787259372262,True,-0.008512338243848894,-0.009107052426647555,0.0012811056329826709,-0.009793443876831565
BA_1786348801_0,BA,SentRule,long,False,2026-08-10 13:31:00+00:00,2026-08-10 16:04:00+00:00,232.9,235.39,False,0.01069128381279505,0.010085050912377547,0.0011315289218791769,0.009559754890915872
MSFT_1786349100_0,MSFT,SentRule,long,False,2026-08-10 13:30:00+00:00,2026-08-10 15:30:00+00:00,503.675,509.62,False,0.011803246140864587,0.011196346263143475,0.0012811056329826709,0.010522140507881916
NVDA_1786349100_0,NVDA,SentRule,long,False,2026-08-10 13:30:00+00:00,2026-08-10 15:30:00+00:00,223.39,221.20136201682922,True,-0.009797385662611457,-0.010391329048198172,0.0012811056329826709,-0.011078491295594128
AAPL_1786349520_0,AAPL,SentRule,long,False,2026-08-10 13:30:00+00:00,2026-08-10 15:30:00+00:00,306.74,306.515,False,-0.0007335202451588252,-0.0013329003189894717,0.0012811056329826709,-0.002014625878141496
AAPL_1786349937_0,AAPL,SentRule,short,False,2026-08-10 13:30:00+00:00,2026-08-10 15:30:00+00:00,306.74,306.515,False,0.0007335202451588252,0.00013378043536305118,0.0012811056329826709,0.002014625878141496
AAPL_1786350288_0,AAPL,SentRule,short,False,2026-08-10 13:30:00+00:00,2026-08-10 15:30:00+00:00,306.74,306.515,False,0.0007335202451588252,0.00013378043536305118,0.0012811056329826709,0.002014625878141496
AAPL_1786350600_0,AAPL,SentRule,long,False,2026-08-10 13:30:00+00:00,2026-08-10 15:30:00+00:00,306.74,306.515,False,-0.0007335202451588252,-0.0013329003189894717,0.0012811056329826709,-0.002014625878141496
AAPL_1786351213_0,AAPL,SentRule,short,False,2026-08-10 13:30:00+00:00,2026-08-10 15:30:00+00:00,306.74,306.515,False,0.0007335202451588252,0.00013378043536305118,0.0012811056329826709,0.002014625878141496
AAPL_1786353207_0,AAPL,SentRule,long,False,2026-08-10 13:30:00+00:00,2026-08-10 15:30:00+00:00,306.74,306.515,False,-0.0007335202451588252,-0.0013329003189894717,0.0012811056329826709,-0.002014625878141496
MSFT_1786353553_0,MSFT,SentRule,long,False,2026-08-10 13:30:00+00:00,2026-08-10 15:30:00+00:00,503.675,509.62,False,0.011803246140864587,0.011196346263143475,0.0012811056329826709,0.010522140507881916
JPM_1786354100_0,JPM,SentRule,long,False,2026-08-10 13:30:00+00:00,2026-08-10 15:32:00+00:00,357.52,359.305,False,0.004992727679570486,0.004389912887400538,0.001048177336076872,0.0039445503434936136
META_1786358059_0,META,SentRule,long,False,2026-08-10 13:30:00+00:00,2026-08-10 15:30:00+00:00,599.28,594.1787259372262,True,-0.008512338243848894,-0.009107052426647555,0.0012811056329826709,-0.009793443876831565
WMT_1786358462_0,WMT,SentRule,long,False,2026-08-10 13:30:00+00:00,2026-08-10 15:30:00+00:00,111.075,111.245,False,0.0015304974116587822,0.0009297593346349053,0.0012811056329826709,0.0002493917786761113
AMZN_1786358613_0,AMZN,SentRule,long,False,2026-08-10 13:30:00+00:00,2026-08-10 15:30:00+00:00,274.38,279.445,False,0.018459800276988014,0.017848907664605784,0.0012811056329826709,0.017178694644005343
JNJ_1786359600_0,JNJ,SentRule,long,False,2026-08-10 13:30:00+00:00,2026-08-10 16:31:00+00:00,259.21,260.05,False,0.003240615716986417,0.0026388518767082036,-0.0010222964141982649,0.004262912131184682
BAC_1786359600_0,BAC,SentRule,long,False,2026-08-10 13:30:00+00:00,2026-08-10 15:30:00+00:00,63.16,63.935,False,0.012270424319189344,0.011663244218628188,0.0012811056329826709,0.010989318686206673
AAPL_1786361461_0,AAPL,SentRule,short,False,2026-08-10 13:30:00+00:00,2026-08-10 15:30:00+00:00,306.74,306.515,False,0.0007335202451588252,0.00013378043536305118,0.0012811056329826709,0.002014625878141496
WMT_1786361520_0,WMT,SentRule,long,False,2026-08-10 13:30:00+00:00,2026-08-10 15:30:00+00:00,111.075,111.245,False,0.0015304974116587822,0.0009297593346349053,0.0012811056329826709,0.0002493917786761113
META_1786362236_0,META,SentRule,long,False,2026-08-10 13:30:00+00:00,2026-08-10 15:30:00+00:00,599.28,594.1787259372262,True,-0.008512338243848894,-0.009107052426647555,0.0012811056329826709,-0.009793443876831565
AAPL_1786363189_0,AAPL,SentRule,short,False,2026-08-10 13:30:00+00:00,2026-08-10 15:30:00+00:00,306.74,306.515,False,0.0007335202451588252,0.00013378043536305118,0.0012811056329826709,0.002014625878141496
BA_1786363200_1,BA,SentRule,long,False,2026-08-10 13:31:00+00:00,2026-08-10 16:04:00+00:00,232.9,235.39,False,0.01069128381279505,0.010085050912377547,0.0011315289218791769,0.009559754890915872
HD_1786363373_0,HD,SentRule,long,False,2026-08-10 13:30:00+00:00,2026-08-10 15:50:00+00:00,352.91,350.7890537655143,True,-0.006009878536980207,-0.006606093745295416,0.0012681651720434228,-0.007278043709023629
META_1786363463_0,META,SentRule,short,False,2026-08-10 13:30:00+00:00,2026-08-10 15:30:00+00:00,599.28,604.3812740627737,True,-0.008512338243849005,-0.009117627233492076,0.0012811056329826709,-0.007231232610866334
NVDA_1786363506_0,NVDA,SentRule,long,False,2026-08-10 13:30:00+00:00,2026-08-10 15:30:00+00:00,223.39,221.20136201682922,True,-0.009797385662611457,-0.010391329048198172,0.0012811056329826709,-0.011078491295594128
AMD_1786363506_0,AMD,SentRule,long,False,2026-08-10 13:30:00+00:00,2026-08-10 15:30:00+00:00,475.64,476.04,False,0.0008409721638213963,0.0002406476778689104,0.0012811056329826709,-0.0004401334691612746
NVDA_1786363623_0,NVDA,SentRule,long,False,2026-08-10 13:30:00+00:00,2026-08-10 15:30:00+00:00,223.39,221.20136201682922,True,-0.009797385662611457,-0.010391329048198172,0.0012811056329826709,-0.011078491295594128
META_1786363827_0,META,SentRule,long,False,2026-08-10 13:30:00+00:00,2026-08-10 15:30:00+00:00,599.28,594.1787259372262,True,-0.008512338243848894,-0.009107052426647555,0.0012811056329826709,-0.009793443876831565
MSFT_1786363933_0,MSFT,SentRule,long,False,2026-08-10 13:30:00+00:00,2026-08-10 15:30:00+00:00,503.675,509.62,False,0.011803246140864587,0.011196346263143475,0.0012811056329826709,0.010522140507881916
META_1786364102_0,META,SentRule,short,False,2026-08-10 13:30:00+00:00,2026-08-10 15:30:00+00:00,599.28,604.3812740627737,True,-0.008512338243849005,-0.009117627233492076,0.0012811056329826709,-0.007231232610866334
GS_1786364220_0,GS,SentRule,long,False,2026-08-10 13:30:00+00:00,2026-08-10 17:34:00+00:00,1037.62,1032.305,False,-0.005122299107572892,-0.005719046703829278,0.0004399756719335457,-0.0055622747795064376
NVDA_1786364316_0,NVDA,SentRule,long,False,2026-08-10 13:30:00+00:00,2026-08-10 15:30:00+00:00,223.39,221.20136201682922,True,-0.009797385662611457,-0.010391329048198172,0.0012811056329826709,-0.011078491295594128
META_1786364366_0,META,SentRule,long,False,2026-08-10 13:30:00+00:00,2026-08-10 15:30:00+00:00,599.28,594.1787259372262,True,-0.008512338243848894,-0.009107052426647555,0.0012811056329826709,-0.009793443876831565
GS_1786364397_0,GS,SentRule,long,False,2026-08-10 13:30:00+00:00,2026-08-10 17:34:00+00:00,1037.62,1032.305,False,-0.005122299107572892,-0.005719046703829278,0.0004399756719335457,-0.0055622747795064376
AAPL_1786364563_0,AAPL,SentRule,long,False,2026-08-10 13:30:00+00:00,2026-08-10 15:30:00+00:00,306.74,306.515,False,-0.0007335202451588252,-0.0013329003189894717,0.0012811056329826709,-0.002014625878141496
AAPL_1786364649_0,AAPL,SentRule,short,False,2026-08-10 13:30:00+00:00,2026-08-10 15:30:00+00:00,306.74,306.515,False,0.0007335202451588252,0.00013378043536305118,0.0012811056329826709,0.002014625878141496
GS_1786364887_0,GS,SentRule,long,False,2026-08-10 13:30:00+00:00,2026-08-10 17:34:00+00:00,1037.62,1032.305,False,-0.005122299107572892,-0.005719046703829278,0.0004399756719335457,-0.0055622747795064376
NVDA_1786364887_0,NVDA,SentRule,long,False,2026-08-10 13:30:00+00:00,2026-08-10 15:30:00+00:00,223.39,221.20136201682922,True,-0.009797385662611457,-0.010391329048198172,0.0012811056329826709,-0.011078491295594128
BA_1786364933_0,BA,SentRule,long,False,2026-08-10 13:31:00+00:00,2026-08-10 16:04:00+00:00,232.9,235.39,False,0.01069128381279505,0.010085050912377547,0.0011315289218791769,0.009559754890915872
AAPL_1786365120_0,AAPL,SentRule,short,False,2026-08-10 13:30:00+00:00,2026-08-10 15:30:00+00:00,306.74,306.515,False,0.0007335202451588252,0.00013378043536305118,0.0012811056329826709,0.002014625878141496
MSFT_1786365689_0,MSFT,SentRule,long,False,2026-08-10 13:30:00+00:00,2026-08-10 15:30:00+00:00,503.675,509.62,False,0.011803246140864587,0.011196346263143475,0.0012811056329826709,0.010522140507881916
NVDA_1786365689_0,NVDA,SentRule,long,False,2026-08-10 13:30:00+00:00,2026-08-10 15:30:00+00:00,223.39,221.20136201682922,True,-0.009797385662611457,-0.010391329048198172,0.0012811056329826709,-0.011078491295594128
AAPL_1786365722_0,AAPL,SentRule,short,False,2026-08-10 13:30:00+00:00,2026-08-10 15:30:00+00:00,306.74,306.515,False,0.0007335202451588252,0.00013378043536305118,0.0012811056329826709,0.002014625878141496
META_1786365930_0,META,SentRule,short,False,2026-08-10 13:30:00+00:00,2026-08-10 15:30:00+00:00,599.28,604.3812740627737,True,-0.008512338243849005,-0.009117627233492076,0.0012811056329826709,-0.007231232610866334
AAPL_1786366800_0,AAPL,SentRule,long,False,2026-08-10 13:30:00+00:00,2026-08-10 15:30:00+00:00,306.74,306.515,False,-0.0007335202451588252,-0.0013329003189894717,0.0012811056329826709,-0.002014625878141496
MSFT_1786367056_0,MSFT,SentRule,long,False,2026-08-10 13:30:00+00:00,2026-08-10 15:30:00+00:00,503.675,509.62,False,0.011803246140864587,0.011196346263143475,0.0012811056329826709,0.010522140507881916
JPM_1786367253_0,JPM,SentRule,short,False,2026-08-10 13:30:00+00:00,2026-08-10 15:32:00+00:00,357.52,359.4604700444075,True,-0.005427584595008694,-0.006031022177040324,0.001048177336076872,-0.004379407258931822
NVDA_1786367280_0,NVDA,SentRule,short,False,2026-08-10 13:30:00+00:00,2026-08-10 15:30:00+00:00,223.39,219.32,False,0.01821925780025957,0.017630012581374088,0.0012811056329826709,0.01950036343324224
AAPL_1786367321_0,AAPL,SentRule,short,False,2026-08-10 13:30:00+00:00,2026-08-10 15:30:00+00:00,306.74,306.515,False,0.0007335202451588252,0.00013378043536305118,0.0012811056329826709,0.002014625878141496
NVDA_1786367960_0,NVDA,SentRule,short,False,2026-08-10 13:30:00+00:00,2026-08-10 15:30:00+00:00,223.39,219.32,False,0.01821925780025957,0.017630012581374088,0.0012811056329826709,0.01950036343324224
AMD_1786367960_0,AMD,SentRule,short,False,2026-08-10 13:30:00+00:00,2026-08-10 15:30:00+00:00,475.64,476.04,False,-0.0008409721638213963,-0.0014416569525563805,0.0012811056329826709,0.0004401334691612746
MSFT_1786368166_0,MSFT,SentRule,long,False,2026-08-10 13:30:00+00:00,2026-08-10 15:30:00+00:00,503.675,509.62,False,0.011803246140864587,0.011196346263143475,0.0012811056329826709,0.010522140507881916
WMT_1786368339_0,WMT,SentRule,short,False,2026-08-10 13:30:00+00:00,2026-08-10 15:30:00+00:00,111.075,111.245,False,-0.0015304974116587822,-0.0021315960396941502,0.0012811056329826709,-0.0002493917786761113
TSLA_1786369109_0,TSLA,SentRule,short,False,2026-08-10 13:39:00+00:00,2026-08-10 15:39:00+00:00,328.16,331.83,True,-0.011183568990736026,-0.01179046119979299,0.0006664380503775824,-0.010517130940358443
MSFT_1786370151_0,MSFT,SentRule,long,False,2026-08-10 13:56:00+00:00,2026-08-10 15:56:00+00:00,505.65,510.17,False,0.008938989419559062,0.008333807580459096,0.0013453378867847032,0.007593651532774359
BA_1786370334_0,BA,SentRule,long,False,2026-08-10 13:59:00+00:00,2026-08-10 16:36:00+00:00,233.46,235.26,False,0.007710100231302919,0.007105655504582309,-0.0006335865524487172,0.008343686783751636
BA_1786370340_0,BA,SentRule,long,False,2026-08-10 13:59:00+00:00,2026-08-10 16:36:00+00:00,233.46,235.26,False,0.007710100231302919,0.007105655504582309,-0.0006335865524487172,0.008343686783751636
AAPL_1786370400_0,AAPL,SentRule,short,False,2026-08-10 14:00:00+00:00,2026-08-10 16:00:00+00:00,307.0,307.07,False,-0.00022801302931596545,-0.0008283299322042748,0.0010859447719515636,0.0008579317426355981
TSLA_1786371240_0,TSLA,SentRule,short,False,2026-08-10 14:14:00+00:00,2026-08-10 16:14:00+00:00,329.82,330.865,False,-0.003168394882056891,-0.0037704765434847243,-0.0005231307762356696,-0.0036915256582925604
META_1786371626_0,META,SentRule,short,False,2026-08-10 14:21:00+00:00,2026-08-10 16:22:00+00:00,602.0,607.2836267104359,True,-0.008776788555541426,-0.009382236262986732,-0.0009557080957516284,-0.009732496651293054
BA_1786371712_0,BA,SentRule,long,False,2026-08-10 14:22:00+00:00,2026-08-10 17:03:00+00:00,234.79,234.93,False,0.0005962775245964558,-3.90018860429997e-06,-0.002285906161614837,0.0028821836862112926
NFLX_1786372225_0,NFLX,SentRule,short,False,2026-08-10 14:31:00+00:00,2026-08-10 16:31:00+00:00,74.745,75.24086341937168,True,-0.006634068089794276,-0.007238229779154892,-0.0032215371703412377,-0.009855605260135514
AMD_1786372595_0,AMD,SentRule,long,False,2026-08-10 14:37:00+00:00,2026-08-10 16:39:00+00:00,481.23,475.76,False,-0.011366706148827066,-0.011959708224514976,-0.002408207273689733,-0.008958498875137333
BA_1786372644_0,BA,SentRule,long,False,2026-08-10 14:38:00+00:00,2026-08-10 17:23:00+00:00,235.48,234.55,False,-0.003949379989807933,-0.004546831126472917,-0.001872054741462681,-0.002077325248345252
WMT_1786372920_0,WMT,SentRule,short,False,2026-08-10 14:42:00+00:00,2026-08-10 16:42:00+00:00,111.19,111.775,False,-0.005261264502203433,-0.005864602262232621,-0.002672899127111217,-0.00793416362931465
AAPL_1786373873_0,AAPL,SentRule,long,False,2026-08-10 14:58:00+00:00,2026-08-10 16:58:00+00:00,306.82,306.235,False,-0.0019066553679680798,-0.0025053317718259915,-0.0014730775691635944,-0.0004335777988044853
NVDA_1786374324_0,NVDA,SentRule,long,False,2026-08-10 15:06:00+00:00,2026-08-10 17:06:00+00:00,219.67,217.69258123389636,True,-0.009001769773312795,-0.009596190385265158,-0.0015375769596031041,-0.007464192813709691
AAPL_1786374675_0,AAPL,SentRule,short,False,2026-08-10 15:12:00+00:00,2026-08-10 17:12:00+00:00,306.83,306.35,False,0.0015643841866830321,0.0009651430448526233,-0.0009306413670086,0.0006337428196744321
MSFT_1786374806_0,MSFT,SentRule,long,False,2026-08-10 15:14:00+00:00,2026-08-10 17:14:00+00:00,508.6,507.76,False,-0.0016515926071569709,-0.002250422002774033,-0.0009175616123237029,-0.000734030994833268
BA_1786375071_0,BA,SentRule,long,False,2026-08-10 15:18:00+00:00,2026-08-10 18:19:00+00:00,235.69,234.07,False,-0.006873435444864073,-0.0074691326744282804,-0.0017121075074297831,-0.00516132793743429
META_1786375365_0,META,SentRule,short,False,2026-08-10 15:23:00+00:00,2026-08-10 17:24:00+00:00,599.37,593.885,False,0.009151275505947964,0.008556587864959275,-0.0009691550260380044,0.00818212047990996
MSFT_1786375916_0,MSFT,SentRule,long,False,2026-08-10 15:32:00+00:00,2026-08-10 17:32:00+00:00,509.59,508.46,False,-0.0022174689456229135,-0.00281595891726405,-0.00046535677352643745,-0.001752112172096476
AMZN_1786376623_0,AMZN,SentRule,long,False,2026-08-10 15:44:00+00:00,2026-08-10 17:44:00+00:00,279.22,277.1725260141332,True,-0.00733283427357212,-0.007928255946505924,-0.0013054661548205226,-0.006027368118751597
AAPL_1786376790_0,AAPL,SentRule,short,False,2026-08-10 15:47:00+00:00,2026-08-10 17:47:00+00:00,306.64,306.235,False,0.0013207670232193713,0.0007213796672265183,-0.0013441555084527934,-2.3388485233422074e-05
AAPL_1786377132_0,AAPL,SentRule,short,False,2026-08-10 15:53:00+00:00,2026-08-10 17:53:00+00:00,306.915,306.26,False,0.0021341413746478466,0.0015352421897172341,-0.00200866762686569,0.00012547374778215659
CVX_1786377480_0,CVX,SentRule,long,False,2026-08-10 15:58:00+00:00,2026-08-10 18:48:00+00:00,192.86,194.52,False,0.00860727989214971,0.00800229701907651,-0.0017823009763909825,0.010389580868540693
NFLX_1786377600_1,NFLX,SentRule,long,False,2026-08-10 16:00:00+00:00,2026-08-10 18:01:00+00:00,75.135,75.57,False,0.005789578758234937,0.0051862859988078824,-0.0020922123208059196,0.007881791079040856
AMZN_1786377618_0,AMZN,SentRule,long,False,2026-08-10 16:01:00+00:00,2026-08-10 18:01:00+00:00,279.47,277.3670317080146,True,-0.007524844498462802,-0.008120150999813225,-0.002163090572153692,-0.00536175392630911
HD_1786377672_0,HD,SentRule,long,False,2026-08-10 16:02:00+00:00,2026-08-10 18:26:00+00:00,348.89,348.89,False,0.0,-0.0005998200539838461,-0.0021762574829030656,0.0021762574829030656
CVX_1786377709_0,CVX,SentRule,long,False,2026-08-10 16:04:00+00:00,2026-08-10 18:53:00+00:00,192.81,194.64,False,0.009491208962190578,0.008885695890734846,-0.0014273074265194197,0.010918516388709998
TSLA_1786377862_0,TSLA,SentRule,short,False,2026-08-10 16:05:00+00:00,2026-08-10 18:05:00+00:00,331.495,329.465,False,0.0061237726059217845,0.005527267918079004,-0.0017632355695638147,0.00436053703635797
NFLX_1786378078_0,NFLX,SentRule,long,False,2026-08-10 16:08:00+00:00,2026-08-10 18:09:00+00:00,75.62,75.575,False,-0.0005950806664903885,-0.0011945437791566205,-0.0014985337622240857,0.0009034530957336973
MSFT_1786378312_0,MSFT,SentRule,long,False,2026-08-10 16:12:00+00:00,2026-08-10 18:14:00+00:00,510.945,507.40816563209836,True,-0.0069221430249862825,-0.0075178110387670305,-0.0016667958756493295,-0.005255347149336953
GOOGL_1786378421_0,GOOGL,SentRule,short,False,2026-08-10 16:14:00+00:00,2026-08-10 18:17:00+00:00,354.555,354.15,False,0.0011422769386978393,0.0005427824565165107,-0.0015247447990696106,-0.0003824678603717713
META_1786378421_0,META,SentRule,short,False,2026-08-10 16:14:00+00:00,2026-08-10 18:14:00+00:00,599.59,593.565,False,0.010048533164328965,0.00945438403949006,-0.0016151957617263069,0.008433337402602659
AMD_1786378560_0,AMD,SentRule,long,False,2026-08-10 16:16:00+00:00,2026-08-10 18:19:00+00:00,477.255,475.225,False,-0.004253491320153735,-0.004850760044744162,-0.0012539671253771756,-0.0029995241947765594
GOOGL_1786378560_0,GOOGL,SentRule,long,False,2026-08-10 16:16:00+00:00,2026-08-10 18:19:00+00:00,353.915,354.07,False,0.00043795826681547467,-0.0001621244833196478,-0.0012539671253771756,0.0016919253921926503
MSFT_1786379279_0,MSFT,SentRule,long,False,2026-08-10 16:28:00+00:00,2026-08-10 18:30:00+00:00,510.27,506.7378380786402,True,-0.0069221430249862825,-0.0075178110387671415,-0.0012671321437807137,-0.005655010881205569
AAPL_1786379279_0,AAPL,SentRule,long,False,2026-08-10 16:28:00+00:00,2026-08-10 18:28:00+00:00,305.51,306.72,False,0.003960590488036431,0.0033583947924522572,-0.0010343935867597187,0.004994984074796149
GS_1786379314_0,GS,SentRule,long,False,2026-08-10 16:31:00+00:00,2026-08-11 13:42:00+00:00,1033.15,1036.52,False,0.00326186904128134,0.0026600924528332737,0.00011638357439824887,0.003145485466883091
NFLX_1786379700_0,NFLX,SentRule,short,False,2026-08-10 16:35:00+00:00,2026-08-10 18:36:00+00:00,75.665,75.515,False,0.001982422520319882,0.0013834322767589669,-0.00030412050936956536,0.0016783020109503166
MSFT_1786380865_0,MSFT,SentRule,long,False,2026-08-10 16:55:00+00:00,2026-08-10 18:57:00+00:00,506.95,505.965,False,-0.0019429924055627268,-0.0025416470137369362,0.0009643638434753132,-0.00290735624903804
NVDA_1786380865_0,NVDA,SentRule,long,False,2026-08-10 16:55:00+00:00,2026-08-10 18:55:00+00:00,217.03,218.66,False,0.007510482421785092,0.006906157429829474,0.0006601685371441235,0.006850313884640968
NVDA_1786380913_0,NVDA,SentRule,long,False,2026-08-10 16:56:00+00:00,2026-08-10 18:56:00+00:00,216.95,218.89,False,0.008942152569716422,0.00833696883329571,0.0007377972222581963,0.008204355347458225
CVX_1786381020_0,CVX,SentRule,long,False,2026-08-10 16:59:00+00:00,2026-08-10 19:41:00+00:00,193.805,194.51,False,0.0036376770465158526,0.0030356750408895294,0.00024585603188365113,0.0033918210146322014
AAPL_1786381362_0,AAPL,SentRule,short,False,2026-08-10 17:03:00+00:00,2026-08-10 19:03:00+00:00,306.31,307.17,False,-0.0028076132023113765,-0.0034094783297708986,0.0006923370581497501,-0.0021152761441616263
NVDA_1786381571_0,NVDA,SentRule,short,False,2026-08-10 17:07:00+00:00,2026-08-10 19:07:00+00:00,217.57,219.24,False,-0.00767569058234141,-0.008280477432745847,0.0008023916447732482,-0.006873298937568162
AAPL_1786381633_0,AAPL,SentRule,short,False,2026-08-10 17:08:00+00:00,2026-08-10 19:08:00+00:00,306.465,307.29,False,-0.0026919876658020314,-0.0032937833971207198,0.0007375776397515743,-0.001954410026050457
TSLA_1786381860_0,TSLA,SentRule,long,False,2026-08-10 17:11:00+00:00,2026-08-10 19:12:00+00:00,329.21,329.51,False,0.0009112724400839323,0.00031090578661618906,0.0003816300129364514,0.0005296424271474809
JPM_1786382551_0,JPM,SentRule,long,False,2026-08-10 17:23:00+00:00,2026-08-10 19:29:00+00:00,357.29,358.385,False,0.003064737328220657,0.002463078983327316,-0.00014875658894675237,0.0032134939171674093
GS_1786382597_0,GS,SentRule,long,False,2026-08-10 17:31:00+00:00,2026-08-11 14:06:00+00:00,1032.25,1035.925,False,0.003560184063937877,0.0029582285401568154,0.0008665511265164572,0.0026936329374214196
NVDA_1786382597_0,NVDA,SentRule,long,False,2026-08-10 17:24:00+00:00,2026-08-10 19:24:00+00:00,218.735,219.2,False,0.002125860058975304,0.0015247648714962203,0.0003751131807010477,0.0017507468782742563
AAPL_1786382662_0,AAPL,SentRule,short,False,2026-08-10 17:25:00+00:00,2026-08-10 19:25:00+00:00,306.59,307.605,False,-0.0033106102612610044,-0.003912777277522705,0.00010347682119205004,-0.0032071334400689544
MSFT_1786383028_0,MSFT,SentRule,long,False,2026-08-10 17:31:00+00:00,2026-08-10 19:33:00+00:00,508.34,504.6326383506128,True,-0.007293074810928002,-0.007888520332384963,-0.00048500995887112985,-0.006808064852056872
AAPL_1786383060_0,AAPL,SentRule,short,False,2026-08-10 17:31:00+00:00,2026-08-10 19:31:00+00:00,306.415,307.15,False,-0.0023987076350699965,-0.003000327345564102,-0.00038800796709681507,-0.0027867156021668116
PG_1786383253_0,PG,SentRule,long,False,2026-08-10 17:35:00+00:00,2026-08-10 19:44:00+00:00,145.785,145.74,False,-0.00030867373186538316,-0.0009083086371546312,-2.5868870694445434e-05,-0.0002828048611709377
BA_1786383468_0,BA,SentRule,long,False,2026-08-10 17:39:00+00:00,2026-08-11 13:55:00+00:00,234.615,232.94823629460296,True,-0.007104250390627342,-0.007699809172758365,7.116793043659975e-05,-0.007175418321063942
AAPL_1786383737_0,AAPL,SentRule,short,False,2026-08-10 17:43:00+00:00,2026-08-10 19:43:00+00:00,306.74,307.38,False,-0.0020864575862293844,-0.002687889890472306,0.00042701310800841163,-0.0016594444782209727
AAPL_1786384014_0,AAPL,SentRule,short,False,2026-08-10 17:47:00+00:00,2026-08-10 19:47:00+00:00,306.26,307.29,False,-0.0033631554888005066,-0.003965354041659541,0.00047237266968203073,-0.002890782819118476
BAC_1786384260_0,BAC,SentRule,long,False,2026-08-10 17:51:00+00:00,2026-08-10 19:53:00+00:00,63.68,63.775,False,0.0014918341708543004,0.0008911192848175542,-0.00011649429825133506,0.0016083284691056354
META_1786384364_0,META,SentRule,short,False,2026-08-10 17:53:00+00:00,2026-08-10 19:55:00+00:00,593.33,595.03,False,-0.0028651846358687116,-0.003467084316554292,-7.118404959582936e-05,-0.002936368685464541
PFE_1786384859_0,PFE,SentRule,short,False,2026-08-10 18:01:00+00:00,2026-08-11 13:36:00+00:00,27.0,27.125,False,-0.004629629629629539,-0.005232588295007057,0.00047874129855340897,-0.00415088833107613
AAPL_1786385747_0,AAPL,SentRule,long,False,2026-08-10 18:16:00+00:00,2026-08-11 13:46:00+00:00,306.69,306.5,False,-0.000619518080146042,-0.0012189665347615009,0.000330015918414972,-0.0009495339985610141
AAPL_1786385982_0,AAPL,SentRule,short,False,2026-08-10 18:20:00+00:00,2026-08-11 13:50:00+00:00,306.65,308.75773314656453,True,-0.006873416424472811,-0.007477721765929868,7.765984985752539e-05,-0.006795756574615286
NFLX_1786386480_0,NFLX,SentRule,long,False,2026-08-10 18:28:00+00:00,2026-08-11 13:58:00+00:00,75.53,76.79,False,0.016682113067655324,0.01607228674771055,0.0009707983845914647,0.01571131468306386
META_1786386633_0,META,SentRule,short,False,2026-08-10 18:31:00+00:00,2026-08-11 14:03:00+00:00,592.88,598.7812233897921,True,-0.009953487029065178,-0.010559640967463979,0.001877119850866027,-0.00807636717819915
AAPL_1786388552_0,AAPL,SentRule,short,False,2026-08-10 19:03:00+00:00,2026-08-11 14:33:00+00:00,307.15,309.26390251704004,True,-0.006882313257496442,-0.00748662393865529,0.0006272917165159875,-0.006255021540980454
MSFT_1786388882_0,MSFT,SentRule,long,False,2026-08-10 19:09:00+00:00,2026-08-11 14:39:00+00:00,505.595,501.8202634801501,True,-0.007465929290934259,-0.008061271130807679,-3.8791264207249654e-05,-0.007427138026727009
NVDA_1786389709_0,NVDA,SentRule,long,False,2026-08-10 19:22:00+00:00,2026-08-11 14:52:00+00:00,218.89,219.52,False,0.0028781579788936806,0.00227661154803549,0.0009569501739321584,0.0019212078049615222
NVDA_1786389971_0,NVDA,SentRule,short,False,2026-08-10 19:27:00+00:00,2026-08-11 14:57:00+00:00,219.17,222.09,True,-0.013322991285303676,-0.013931167532949207,0.0007307766927504566,-0.01259221459255322
AAPL_1786390126_0,AAPL,SentRule,short,False,2026-08-10 19:29:00+00:00,2026-08-11 14:59:00+00:00,307.3,309.4149348640287,True,-0.006882313257496442,-0.00748662393865529,0.0008667865505775918,-0.00601552670691885
DIS_1786390267_0,DIS,SentRule,long,False,2026-08-10 19:32:00+00:00,2026-08-11 15:13:00+00:00,103.18,103.71,False,0.0051366543903856865,0.0045337532680882475,-0.00037520296539717,0.0055118573557828565
NFLX_1786390759_0,NFLX,SentRule,long,False,2026-08-10 19:40:00+00:00,2026-08-11 15:10:00+00:00,75.655,75.765,False,0.0014539686735839386,0.0008532765000319742,-0.0005302638385930036,0.001984232512176942
META_1786391357_0,META,SentRule,short,False,2026-08-10 19:50:00+00:00,2026-08-11 15:20:00+00:00,593.95,600.0,True,-0.010186042596177947,-0.01079233610978969,-0.000433429722928369,-0.010619472319106316
BA_1786392064_0,BA,SentRule,long,False,2026-08-11 13:30:00+00:00,2026-08-11 17:03:00+00:00,235.76,234.1,True,-0.0070410587037664785,-0.007636655389538505,-0.0045641465949658455,-0.002476912108800633
JPM_1786392123_0,JPM,SentRule,long,False,2026-08-11 13:30:00+00:00,2026-08-11 15:48:00+00:00,359.93,360.92,False,0.0027505348262162332,0.002149064946284529,-0.00324719340490498,0.005997728231121213
BA_1786392300_0,BA,SentRule,long,False,2026-08-11 13:30:00+00:00,2026-08-11 17:03:00+00:00,235.76,234.1,True,-0.0070410587037664785,-0.007636655389538505,-0.0045641465949658455,-0.002476912108800633
META_1786392795_0,META,SentRule,long,False,2026-08-11 13:30:00+00:00,2026-08-11 15:30:00+00:00,596.41,609.01,False,0.021126406331215097,0.02051391423504545,-0.0026274507272292524,0.02375385705844435
JNJ_1786393380_0,JNJ,SentRule,long,False,2026-08-11 13:30:00+00:00,2026-08-11 16:50:00+00:00,261.245,259.32,True,-0.007368562077743168,-0.007963962320423623,-0.004047694363569443,-0.0033208677141737253
AAPL_1786393758_0,AAPL,SentRule,short,False,2026-08-11 13:30:00+00:00,2026-08-11 15:30:00+00:00,307.665,309.7893702107835,True,-0.006904815987465174,-0.007509140174313478,-0.0026274507272292524,-0.009532266714694426
AMD_1786394340_0,AMD,SentRule,short,False,2026-08-11 13:30:00+00:00,2026-08-11 15:37:00+00:00,474.745,470.29,False,0.009383985086730773,0.008789437113390863,-0.0032601047106899372,0.006123880376040836
TSLA_1786394460_0,TSLA,SentRule,short,False,2026-08-11 13:30:00+00:00,2026-08-11 15:30:00+00:00,332.89,333.15,False,-0.000781038781579424,-0.0013816875994936417,-0.0026274507272292524,-0.0034084895088086764
MSFT_1786394840_0,MSFT,SentRule,short,False,2026-08-11 13:30:00+00:00,2026-08-11 15:30:00+00:00,504.205,501.465,False,0.005434297557541101,0.004837379060526503,-0.0026274507272292524,0.002806846830311849
NVDA_1786396272_0,NVDA,SentRule,short,False,2026-08-11 13:30:00+00:00,2026-08-11 15:30:00+00:00,222.09,219.265,False,0.012720068440722265,0.01212752271807005,-0.0026274507272292524,0.010092617713493013
GS_1786396272_0,GS,SentRule,short,False,2026-08-11 13:30:00+00:00,2026-08-11 15:51:00+00:00,1038.125,1035.5,False,0.002528597230583962,0.001929934790190324,-0.0032407377520125014,-0.0007121405214285392
NFLX_1786397984_0,NFLX,SentRule,long,False,2026-08-11 13:30:00+00:00,2026-08-11 15:30:00+00:00,76.12,75.57774644986755,True,-0.007123667237683318,-0.007719214373200001,-0.0026274507272292524,-0.004496216510454065
NVDA_1786398302_0,NVDA,SentRule,short,False,2026-08-11 13:30:00+00:00,2026-08-11 15:30:00+00:00,222.09,219.265,False,0.012720068440722265,0.01212752271807005,-0.0026274507272292524,0.010092617713493013
AMZN_1786398600_0,AMZN,SentRule,long,False,2026-08-11 13:30:00+00:00,2026-08-11 15:31:00+00:00,278.07,275.7922018263761,True,-0.008191456013320053,-0.008786362667715597,-0.002756563785078381,-0.005434892228241672
GOOGL_1786400969_0,GOOGL,SentRule,short,False,2026-08-11 13:30:00+00:00,2026-08-11 15:30:00+00:00,355.735,351.175,False,0.012818530647813686,0.01222604402021421,-0.0026274507272292524,0.010191079920584434
NVDA_1786401835_0,NVDA,SentRule,short,False,2026-08-11 13:30:00+00:00,2026-08-11 15:30:00+00:00,222.09,219.265,False,0.012720068440722265,0.01212752271807005,-0.0026274507272292524,0.010092617713493013
TSLA_1786402965_0,TSLA,SentRule,short,False,2026-08-11 13:30:00+00:00,2026-08-11 15:30:00+00:00,332.89,333.15,False,-0.000781038781579424,-0.0013816875994936417,-0.0026274507272292524,-0.0034084895088086764
NFLX_1786402965_0,NFLX,SentRule,short,False,2026-08-11 13:30:00+00:00,2026-08-11 15:30:00+00:00,76.12,76.66225355013246,True,-0.007123667237683318,-0.007728122774687041,-0.0026274507272292524,-0.00975111796491257
NVDA_1786405136_0,NVDA,SentRule,long,False,2026-08-11 13:30:00+00:00,2026-08-11 15:30:00+00:00,222.09,219.9846066978449,True,-0.009479910406389735,-0.010074044220001688,-0.0026274507272292524,-0.006852459679160483
NVDA_1786405372_0,NVDA,SentRule,long,False,2026-08-11 13:30:00+00:00,2026-08-11 15:30:00+00:00,222.09,219.9846066978449,True,-0.009479910406389735,-0.010074044220001688,-0.0026274507272292524,-0.006852459679160483
AAPL_1786411276_0,AAPL,SentRule,short,False,2026-08-11 13:30:00+00:00,2026-08-11 15:30:00+00:00,307.665,309.7893702107835,True,-0.006904815987465174,-0.007509140174313478,-0.0026274507272292524,-0.009532266714694426
NFLX_1786412051_0,NFLX,SentRule,short,False,2026-08-11 13:30:00+00:00,2026-08-11 15:30:00+00:00,76.12,76.66225355013246,True,-0.007123667237683318,-0.007728122774687041,-0.0026274507272292524,-0.00975111796491257
NVDA_1786412820_0,NVDA,SentRule,long,False,2026-08-11 13:30:00+00:00,2026-08-11 15:30:00+00:00,222.09,219.9846066978449,True,-0.009479910406389735,-0.010074044220001688,-0.0026274507272292524,-0.006852459679160483
DIS_1786414620_0,DIS,SentRule,long,False,2026-08-11 13:30:00+00:00,2026-08-11 15:43:00+00:00,102.98,103.53,False,0.005340842882112895,0.004737819283463285,-0.003079346429701202,0.008420189311814097
NVDA_1786418277_0,NVDA,SentRule,long,False,2026-08-11 13:30:00+00:00,2026-08-11 15:30:00+00:00,222.09,219.9846066978449,True,-0.009479910406389735,-0.010074044220001688,-0.0026274507272292524,-0.006852459679160483
TSLA_1786418810_0,TSLA,SentRule,short,False,2026-08-11 13:30:00+00:00,2026-08-11 15:30:00+00:00,332.89,333.15,False,-0.000781038781579424,-0.0013816875994936417,-0.0026274507272292524,-0.0034084895088086764
AAPL_1786419814_0,AAPL,SentRule,long,False,2026-08-11 13:30:00+00:00,2026-08-11 15:30:00+00:00,307.665,306.67,False,-0.0032340370207856184,-0.0038319172345088193,-0.0026274507272292524,-0.000606586293556366
AMZN_1786422985_0,AMZN,SentRule,long,False,2026-08-11 13:30:00+00:00,2026-08-11 15:31:00+00:00,278.07,275.7922018263761,True,-0.008191456013320053,-0.008786362667715597,-0.002756563785078381,-0.005434892228241672
GS_1786427012_0,GS,SentRule,long,False,2026-08-11 13:30:00+00:00,2026-08-11 15:51:00+00:00,1038.125,1032.2634751588691,True,-0.005646261135345831,-0.006242694448670649,-0.0032407377520125014,-0.00240552338333333
BA_1786427712_0,BA,SentRule,long,False,2026-08-11 13:30:00+00:00,2026-08-11 17:03:00+00:00,235.76,234.1,True,-0.0070410587037664785,-0.007636655389538505,-0.0045641465949658455,-0.002476912108800633
NVDA_1786428344_0,NVDA,SentRule,long,False,2026-08-11 13:30:00+00:00,2026-08-11 15:30:00+00:00,222.09,219.9846066978449,True,-0.009479910406389735,-0.010074044220001688,-0.0026274507272292524,-0.006852459679160483
BA_1786428900_0,BA,SentRule,long,False,2026-08-11 13:30:00+00:00,2026-08-11 17:03:00+00:00,235.76,234.1,True,-0.0070410587037664785,-0.007636655389538505,-0.0045641465949658455,-0.002476912108800633
META_1786432347_0,META,SentRule,short,False,2026-08-11 13:30:00+00:00,2026-08-11 15:30:00+00:00,596.41,602.2310977871293,True,-0.00976022834481216,-0.010366266293203141,-0.0026274507272292524,-0.012387679072041413
NVDA_1786433971_0,NVDA,SentRule,long,False,2026-08-11 13:30:00+00:00,2026-08-11 15:30:00+00:00,222.09,219.9846066978449,True,-0.009479910406389735,-0.010074044220001688,-0.0026274507272292524,-0.006852459679160483
META_1786435273_0,META,SentRule,short,False,2026-08-11 13:30:00+00:00,2026-08-11 15:30:00+00:00,596.41,602.2310977871293,True,-0.00976022834481216,-0.010366266293203141,-0.0026274507272292524,-0.012387679072041413
AMZN_1786437900_0,AMZN,SentRule,short,False,2026-08-11 13:30:00+00:00,2026-08-11 15:31:00+00:00,278.07,273.12,False,0.017801273060740086,0.01721177697575116,-0.002756563785078381,0.015044709275661705
BA_1786438175_0,BA,SentRule,short,False,2026-08-11 13:30:00+00:00,2026-08-11 17:03:00+00:00,235.76,234.26,False,0.0063624024431625514,0.00576604097618838,-0.0045641465949658455,0.001798255848196706
NVDA_1786438347_0,NVDA,SentRule,short,False,2026-08-11 13:30:00+00:00,2026-08-11 15:30:00+00:00,222.09,219.265,False,0.012720068440722265,0.01212752271807005,-0.0026274507272292524,0.010092617713493013
HD_1786438535_0,HD,SentRule,long,False,2026-08-11 13:30:00+00:00,2026-08-11 15:46:00+00:00,351.65,356.11,False,0.012683065548130257,0.012075637937084993,-0.00316326991730298,0.015846335465433237
BA_1786438660_0,BA,SentRule,long,False,2026-08-11 13:30:00+00:00,2026-08-11 17:03:00+00:00,235.76,234.1,True,-0.0070410587037664785,-0.007636655389538505,-0.0045641465949658455,-0.002476912108800633
NVDA_1786440609_0,NVDA,SentRule,long,False,2026-08-11 13:30:00+00:00,2026-08-11 15:30:00+00:00,222.09,219.9846066978449,True,-0.009479910406389735,-0.010074044220001688,-0.0026274507272292524,-0.006852459679160483
AMD_1786442378_0,AMD,SentRule,short,False,2026-08-11 13:30:00+00:00,2026-08-11 15:37:00+00:00,474.745,470.29,False,0.009383985086730773,0.008789437113390863,-0.0032601047106899372,0.006123880376040836
TSLA_1786444285_0,TSLA,SentRule,long,False,2026-08-11 13:30:00+00:00,2026-08-11 15:30:00+00:00,332.89,333.15,False,0.000781038781579424,0.00018075024487163027,-0.0026274507272292524,0.0034084895088086764
NVDA_1786444531_0,NVDA,SentRule,long,False,2026-08-11 13:30:00+00:00,2026-08-11 15:30:00+00:00,222.09,219.9846066978449,True,-0.009479910406389735,-0.010074044220001688,-0.0026274507272292524,-0.006852459679160483
MSFT_1786444963_0,MSFT,SentRule,short,False,2026-08-11 13:30:00+00:00,2026-08-11 15:30:00+00:00,504.205,501.465,False,0.005434297557541101,0.004837379060526503,-0.0026274507272292524,0.002806846830311849
NVDA_1786446758_0,NVDA,SentRule,long,False,2026-08-11 13:30:00+00:00,2026-08-11 15:30:00+00:00,222.09,219.9846066978449,True,-0.009479910406389735,-0.010074044220001688,-0.0026274507272292524,-0.006852459679160483
BA_1786447644_0,BA,SentRule,short,False,2026-08-11 13:30:00+00:00,2026-08-11 17:03:00+00:00,235.76,234.26,False,0.0063624024431625514,0.00576604097618838,-0.0045641465949658455,0.001798255848196706
GOOGL_1786448740_0,GOOGL,SentRule,long,False,2026-08-11 13:30:00+00:00,2026-08-11 15:30:00+00:00,355.735,353.5287256499182,True,-0.006202016529387899,-0.006798116489482142,-0.0026274507272292524,-0.003574565802158647
BA_1786449933_0,BA,SentRule,long,False,2026-08-11 13:30:00+00:00,2026-08-11 17:03:00+00:00,235.76,234.1,True,-0.0070410587037664785,-0.007636655389538505,-0.0045641465949658455,-0.002476912108800633
UNH_1786455798_0,UNH,SentRule,long,False,2026-08-11 13:44:00+00:00,2026-08-11 15:50:00+00:00,408.25,405.2173228112544,True,-0.007428480560307649,-0.008023844862680707,-0.0015257206767476106,-0.005902759883560038
AAPL_1786456323_0,AAPL,SentRule,short,False,2026-08-11 13:53:00+00:00,2026-08-11 15:53:00+00:00,306.115,307.245,False,-0.003691423157963447,-0.004293818730530141,-0.0015910898965790787,-0.005282513054542526
NVDA_1786458913_0,NVDA,SentRule,long,False,2026-08-11 14:36:00+00:00,2026-08-11 16:36:00+00:00,219.2,219.03,False,-0.0007755474452554312,-0.0013749023103286628,-0.002423451253085851,0.0016479038078304198
NVDA_1786459140_0,NVDA,SentRule,long,False,2026-08-11 14:39:00+00:00,2026-08-11 16:39:00+00:00,218.87,219.245,False,0.0017133458217206687,0.0011124980685535135,-0.001894367972896993,0.003607713794617662
META_1786460454_0,META,SentRule,short,False,2026-08-11 15:01:00+00:00,2026-08-11 17:03:00+00:00,610.23,603.83,False,0.010487848843878544,0.009893963387548,-0.003579967689822272,0.006907881154056272
META_1786462146_0,META,SentRule,short,False,2026-08-11 15:30:00+00:00,2026-08-11 17:33:00+00:00,609.56,604.62,False,0.008104206312750106,0.007508890241716526,-0.0021166966585969282,0.005987509654153178
META_1786462837_0,META,SentRule,long,False,2026-08-11 15:41:00+00:00,2026-08-11 17:45:00+00:00,606.425,605.13,False,-0.0021354660510367607,-0.0027340052096584966,-0.0009909647333138372,-0.0011445013177229235
XOM_1786465200_0,XOM,SentRule,long,False,2026-08-11 16:20:00+00:00,2026-08-11 18:35:00+00:00,160.44,159.35,True,-0.006793817003241109,-0.007389561989543103,-0.0026420421431623264,-0.004151774860078783
CVX_1786465200_0,CVX,SentRule,long,False,2026-08-11 16:20:00+00:00,2026-08-11 19:55:00+00:00,196.78,196.26,False,-0.0026425449740827833,-0.003240779976597552,-0.0024542499320062694,-0.00018829504207651393
CAT_1786466242_0,CAT,SentRule,long,False,2026-08-11 16:38:00+00:00,2026-08-11 19:10:00+00:00,845.86,843.5,False,-0.0027900598207741822,-0.0033882063409255148,-0.0022088782655448336,-0.0005811815552293487
CAT_1786467542_0,CAT,SentRule,long,False,2026-08-11 17:00:00+00:00,2026-08-11 19:33:00+00:00,845.9,844.385,False,-0.0017909918430074612,-0.0023897376241671653,-0.0006937240663901223,-0.0010972677766173389
CAT_1786468208_0,CAT,SentRule,long,False,2026-08-11 17:11:00+00:00,2026-08-11 19:43:00+00:00,845.93,844.945,False,-0.0011643989455391024,-0.0017635205696845402,2.5947067981535454e-05,-0.0011903460135206378
HON_1786474552_0,HON,SentRule,short,False,2026-08-11 18:56:00+00:00,2026-08-12 16:15:00+00:00,231.33,232.23,False,-0.0038905459732847536,-0.004493061055393488,0.002940584611589747,-0.0009499613616950064
BA_1786475200_0,BA,SentRule,long,False,2026-08-11 19:07:00+00:00,2026-08-12 15:06:00+00:00,233.37,231.76,True,-0.00689891588464675,-0.00749459783053219,0.002922229726219472,-0.009821145610866222
BA_1786478520_0,BA,SentRule,long,False,2026-08-12 13:30:00+00:00,2026-08-12 16:05:00+00:00,233.97,231.76,True,-0.00944565542590936,-0.010039809786345555,-0.0031752997818594864,-0.006270355644049874
XOM_1786479178_0,XOM,SentRule,short,False,2026-08-12 13:30:00+00:00,2026-08-12 15:40:00+00:00,158.92,158.905,False,9.43871130127949e-05,-0.0005057362917408881,-0.003975578588669704,-0.003881191475656909
CVX_1786479178_0,CVX,SentRule,short,False,2026-08-12 13:30:00+00:00,2026-08-12 15:52:00+00:00,195.695,196.885,True,-0.006080891182707715,-0.006684720866322547,-0.0035367160171930756,-0.00961760719990079
PFE_1786479600_0,PFE,SentRule,long,False,2026-08-12 13:30:00+00:00,2026-08-12 15:31:00+00:00,26.3,26.26,False,-0.001520912547528508,-0.002119820327665889,-0.003330192454145342,0.0018092799066168341
GOOGL_1786482644_0,GOOGL,SentRule,short,False,2026-08-12 13:30:00+00:00,2026-08-12 15:30:00+00:00,346.335,342.16,False,0.012054802431171963,0.011461857429130085,-0.003091399584371324,0.008963402846800639
PFE_1786484330_0,PFE,SentRule,short,False,2026-08-12 13:30:00+00:00,2026-08-12 15:31:00+00:00,26.3,26.26,False,0.001520912547528508,0.0009216453148872539,-0.003330192454145342,-0.0018092799066168341
GOOGL_1786489355_0,GOOGL,SentRule,long,False,2026-08-12 13:30:00+00:00,2026-08-12 15:30:00+00:00,346.335,343.59646424259927,True,-0.00790718742662655,-0.008502264591021325,-0.003091399584371324,-0.004815787842255226
WMT_1786493832_0,WMT,SentRule,long,False,2026-08-12 13:30:00+00:00,2026-08-12 15:30:00+00:00,112.405,114.84,False,0.02166273742271252,0.021049923624398392,-0.003091399584371324,0.024754137007083843
TSLA_1786496923_0,TSLA,SentRule,short,False,2026-08-12 13:30:00+00:00,2026-08-12 15:30:00+00:00,335.035,324.25,False,0.032190666646768284,0.0316098067887991,-0.003091399584371324,0.02909926706239696
AMZN_1786502052_0,AMZN,SentRule,short,False,2026-08-12 13:30:00+00:00,2026-08-12 15:30:00+00:00,273.46,268.8,False,0.017040883493015357,0.016450931037374383,-0.003091399584371324,0.013949483908644034
TSLA_1786511118_0,TSLA,SentRule,long,False,2026-08-12 13:30:00+00:00,2026-08-12 15:30:00+00:00,335.035,332.54305642836755,True,-0.007437860437364718,-0.008033219113499412,-0.003091399584371324,-0.004346460852993395
PFE_1786513179_0,PFE,SentRule,long,False,2026-08-12 13:30:00+00:00,2026-08-12 15:31:00+00:00,26.3,26.26,False,-0.001520912547528508,-0.002119820327665889,-0.003330192454145342,0.0018092799066168341
META_1786521601_0,META,SentRule,long,False,2026-08-12 13:30:00+00:00,2026-08-12 15:30:00+00:00,601.495,595.5327876826817,True,-0.009912322325735579,-0.010506196770006748,-0.003091399584371324,-0.006820922741364255
MSFT_1786523173_0,MSFT,SentRule,long,False,2026-08-12 13:30:00+00:00,2026-08-12 15:30:00+00:00,500.25,496.48116221546684,True,-0.0075339086147588885,-0.008129209679270555,-0.003091399584371324,-0.004442509030387565
GOOGL_1786523400_0,GOOGL,SentRule,short,False,2026-08-12 13:30:00+00:00,2026-08-12 15:30:00+00:00,346.335,342.16,False,0.012054802431171963,0.011461857429130085,-0.003091399584371324,0.008963402846800639
AMD_1786524955_0,AMD,SentRule,short,False,2026-08-12 13:30:00+00:00,2026-08-12 15:36:00+00:00,486.795,488.6,False,-0.003707926334493905,-0.00431033181193774,-0.0032914692860739336,-0.006999395620567839
BAC_1786525255_0,BAC,SentRule,long,False,2026-08-12 13:30:00+00:00,2026-08-12 15:30:00+00:00,64.025,64.47,False,0.006950409996095086,0.006346420946812481,-0.003091399584371324,0.01004180958046641
AAPL_1786526111_0,AAPL,SentRule,short,False,2026-08-12 13:30:00+00:00,2026-08-12 15:30:00+00:00,305.075,300.93,False,0.013586822912398544,0.012994797398491742,-0.003091399584371324,0.01049542332802722
HD_1786527467_0,HD,SentRule,short,False,2026-08-12 13:33:00+00:00,2026-08-12 15:55:00+00:00,351.18,353.6179096465297,True,-0.0069420515021632045,-0.007546398037024948,-0.0010999818826513685,-0.008042033384814573
HD_1786528078_0,HD,SentRule,short,False,2026-08-12 13:33:00+00:00,2026-08-12 15:55:00+00:00,351.18,353.6179096465297,True,-0.0069420515021632045,-0.007546398037024948,-0.0010999818826513685,-0.008042033384814573
HD_1786528646_0,HD,SentRule,long,False,2026-08-12 13:33:00+00:00,2026-08-12 15:55:00+00:00,351.18,348.675,True,-0.007133094139757379,-0.0077286356208291496,-0.0010999818826513685,-0.00603311225710601
BA_1786530565_0,BA,SentRule,short,False,2026-08-12 13:30:00+00:00,2026-08-12 16:05:00+00:00,233.97,230.2,False,0.01611317690302183,0.015522667656389766,-0.0031752997818594864,0.012937877121162344
NFLX_1786533329_0,NFLX,SentRule,short,False,2026-08-12 13:30:00+00:00,2026-08-12 15:30:00+00:00,74.355,73.73,False,0.00840562167977943,0.007810486512237036,-0.003091399584371324,0.005314222095408105
AMZN_1786535604_0,AMZN,SentRule,short,False,2026-08-12 13:30:00+00:00,2026-08-12 15:30:00+00:00,273.46,268.8,False,0.017040883493015357,0.016450931037374383,-0.003091399584371324,0.013949483908644034
BAC_1786537624_0,BAC,SentRule,long,False,2026-08-12 13:30:00+00:00,2026-08-12 15:30:00+00:00,64.025,64.47,False,0.006950409996095086,0.006346420946812481,-0.003091399584371324,0.01004180958046641
BAC_1786537740_0,BAC,SentRule,long,False,2026-08-12 13:30:00+00:00,2026-08-12 15:30:00+00:00,64.025,64.47,False,0.006950409996095086,0.006346420946812481,-0.003091399584371324,0.01004180958046641
JPM_1786537740_0,JPM,SentRule,long,False,2026-08-12 13:30:00+00:00,2026-08-12 15:37:00+00:00,362.585,364.815,False,0.0061502820028407346,0.005546772886374063,-0.003523808294502606,0.00967409029734334
BA_1786539720_0,BA,SentRule,long,False,2026-08-12 13:30:00+00:00,2026-08-12 16:05:00+00:00,233.97,231.76,True,-0.00944565542590936,-0.010039809786345555,-0.0031752997818594864,-0.006270355644049874
BAC_1786541233_0,BAC,SentRule,long,False,2026-08-12 13:30:00+00:00,2026-08-12 15:30:00+00:00,64.025,64.47,False,0.006950409996095086,0.006346420946812481,-0.003091399584371324,0.01004180958046641
GOOGL_1786541666_0,GOOGL,SentRule,short,False,2026-08-12 13:35:00+00:00,2026-08-12 15:35:00+00:00,343.48,341.82,False,0.004832886922091606,0.004235607470409408,-0.0013067160027427915,0.0035261709193488144
HD_1786542063_0,HD,SentRule,short,False,2026-08-12 13:42:00+00:00,2026-08-12 16:12:00+00:00,351.105,347.22,False,0.01106506600589563,0.010471526983792723,-0.0006210296153498218,0.010444036390545808
HD_1786542692_0,HD,SentRule,short,False,2026-08-12 13:52:00+00:00,2026-08-12 16:25:00+00:00,349.69,346.245,False,0.009851582830507022,0.009257315500006302,-0.0006273282284768866,0.009224254602030135
BA_1786543661_0,BA,SentRule,short,False,2026-08-12 14:08:00+00:00,2026-08-12 16:46:00+00:00,229.67,230.83,False,-0.005050724953193919,-0.005653936351585065,0.0005762643823286062,-0.004474460570865313
JPM_1786543969_0,JPM,SentRule,long,False,2026-08-12 14:13:00+00:00,2026-08-12 16:24:00+00:00,363.98,365.08,False,0.0030221440738500416,0.0024205112772448523,0.00011004304625039651,0.002912101027599645
HD_1786544989_0,HD,SentRule,short,False,2026-08-12 14:30:00+00:00,2026-08-12 17:20:00+00:00,345.43,344.845,False,0.001693541383203434,0.0010943777589460524,1.9410440228684323e-05,0.0017129518234321184
WMT_1786545485_0,WMT,SentRule,long,False,2026-08-12 14:39:00+00:00,2026-08-12 16:39:00+00:00,114.625,115.01,False,0.0033587786259543506,0.0027569439091936765,0.0002588896224096082,0.0030998890035447424
TSLA_1786546440_0,TSLA,SentRule,long,False,2026-08-12 14:54:00+00:00,2026-08-12 16:54:00+00:00,324.39,327.01,False,0.008076697802028354,0.007472033182733151,0.0007443462051288652,0.007332351596899489
META_1786546797_0,META,SentRule,short,False,2026-08-12 15:00:00+00:00,2026-08-12 17:00:00+00:00,585.72,582.19,False,0.006026770470531906,0.005430207563942302,0.0008999967626015515,0.006926767233133457
TSLA_1786547040_0,TSLA,SentRule,long,False,2026-08-12 15:04:00+00:00,2026-08-12 17:04:00+00:00,324.435,326.82,False,0.007351241388876106,0.006747011912885403,0.0016714932654369186,0.005679748123439188
TSLA_1786547397_0,TSLA,SentRule,long,False,2026-08-12 15:10:00+00:00,2026-08-12 17:10:00+00:00,325.28,326.97,False,0.005195523856370121,0.004592587422986183,0.001159168765906271,0.00403635509046385
JPM_1786547460_0,JPM,SentRule,long,False,2026-08-12 15:12:00+00:00,2026-08-12 17:40:00+00:00,364.72,364.58,False,-0.00038385610879587695,-0.0009834459181878863,0.0011140329287406825,-0.0014978890375365594
BAC_1786548000_0,BAC,SentRule,long,False,2026-08-12 15:20:00+00:00,2026-08-12 17:23:00+00:00,64.385,64.555,False,0.0026403665450027702,0.0020389627462151783,0.0008353407413164149,0.0018050258036863553
MSFT_1786548313_0,MSFT,SentRule,short,False,2026-08-12 15:26:00+00:00,2026-08-12 17:26:00+00:00,493.275,493.59,False,-0.0006385890223505886,-0.0012391523447607966,0.001360244584931225,0.0007216555625806365
TSLA_1786549824_0,TSLA,SentRule,long,False,2026-08-12 15:51:00+00:00,2026-08-12 17:51:00+00:00,325.21,326.15,False,0.002890440023369578,0.002288886225494835,0.0013603415104972427,0.0015300985128723354
BA_1786550352_0,BA,SentRule,long,False,2026-08-12 16:00:00+00:00,2026-08-12 18:52:00+00:00,230.24,232.005,False,0.007665913829047799,0.007061495606217161,0.0019753502198791573,0.005690563609168642
HD_1786551002_0,HD,SentRule,long,False,2026-08-12 16:12:00+00:00,2026-08-12 18:46:00+00:00,347.22,344.64,True,-0.007430447554864439,-0.008025810677394607,0.0014435712528644284,-0.008874018807728867
TSLA_1786551049_0,TSLA,SentRule,long,False,2026-08-12 16:11:00+00:00,2026-08-12 18:11:00+00:00,326.535,326.8,False,0.000811551594775306,0.00021124475587019909,0.0011459351672611362,-0.00033438357248583017
JNJ_1786551101_0,JNJ,SentRule,long,False,2026-08-12 16:12:00+00:00,2026-08-12 19:12:00+00:00,261.04,260.79,False,-0.0009577076310144372,-0.001556953232755176,0.0009256981576664103,-0.0018834057886808475
AMD_1786554347_0,AMD,SentRule,long,False,2026-08-12 17:06:00+00:00,2026-08-12 19:34:00+00:00,488.525,483.51,True,-0.010265595414768902,-0.010859257958756752,-0.00032337134024484904,-0.009942224074524053
GOOGL_1786554517_0,GOOGL,SentRule,short,False,2026-08-12 17:09:00+00:00,2026-08-12 19:09:00+00:00,342.83,344.19,False,-0.003966980719307012,-0.004569541676025413,6.466757632406228e-05,-0.0039023131429829494
HD_1786554756_0,HD,SentRule,short,False,2026-08-12 17:13:00+00:00,2026-08-12 19:35:00+00:00,345.81,345.46,False,0.0010121164801480953,0.00041254387825562233,-7.762267617117402e-05,0.0009344938039769213
GS_1786554835_0,GS,SentRule,long,False,2026-08-12 17:15:00+00:00,2026-08-13 14:30:00+00:00,1037.56,1053.97,False,0.015815952812367584,0.015206646032714266,0.007788041087738229,0.008027911724629355
GOOGL_1786555039_0,GOOGL,SentRule,short,False,2026-08-12 17:18:00+00:00,2026-08-12 19:18:00+00:00,342.995,343.86,False,-0.002521902651642094,-0.00312359630132808,0.0006147355343020244,-0.0019071671173400695
AAPL_1786555042_0,AAPL,SentRule,short,False,2026-08-12 17:18:00+00:00,2026-08-12 19:18:00+00:00,302.38,301.27,False,0.0036708777035519002,0.003072900837114201,0.0006147355343020244,0.004285613237853925
GS_1786555260_0,GS,SentRule,long,False,2026-08-12 17:23:00+00:00,2026-08-13 14:35:00+00:00,1037.295,1055.59,False,0.017637219884410804,0.017026820672243703,0.008612879846767285,0.009024340037643519
GS_1786555260_1,GS,SentRule,long,False,2026-08-12 17:23:00+00:00,2026-08-13 14:35:00+00:00,1037.295,1055.59,False,0.017637219884410804,0.017026820672243703,0.008612879846767285,0.009024340037643519
AAPL_1786555422_0,AAPL,SentRule,short,False,2026-08-12 17:24:00+00:00,2026-08-12 19:24:00+00:00,302.36,301.385,False,0.0032246328879481645,0.002626388194272855,0.0001941169619401606,0.003418749849888325
META_1786555495_0,META,SentRule,short,False,2026-08-12 17:25:00+00:00,2026-08-12 19:28:00+00:00,581.51,580.54,False,0.0016680710563877765,0.0010688921453482214,0.00012940628396918008,0.0017974773403569566
GS_1786555703_0,GS,SentRule,long,False,2026-08-12 17:35:00+00:00,2026-08-13 14:36:00+00:00,1036.83,1057.015,False,0.019467993788760074,0.018856496441691073,0.008215916883385743,0.01125207690537433
WMT_1786557931_0,WMT,SentRule,short,False,2026-08-12 18:06:00+00:00,2026-08-13 13:36:00+00:00,115.3,116.00705087307438,True,-0.006132271232214936,-0.006736131753110497,0.004036640273249459,-0.0020956309589654776
HD_1786558320_0,HD,SentRule,short,False,2026-08-12 18:12:00+00:00,2026-08-13 13:52:00+00:00,344.81,344.13,False,0.0019721005771294875,0.001373104138544301,0.004914704018417204,0.006886804595546692
JNJ_1786559422_0,JNJ,SentRule,long,False,2026-08-12 18:31:00+00:00,2026-08-13 14:20:00+00:00,260.76,260.49,False,-0.0010354348826506765,-0.0016346338620271128,0.006848074908498258,-0.007883509791148935
UNH_1786559580_0,UNH,SentRule,long,False,2026-08-12 18:33:00+00:00,2026-08-13 14:07:00+00:00,405.29,403.71,False,-0.003898443090133097,-0.004495924779772009,0.006044815681609528,-0.009943258771742625
GS_1786559732_0,GS,SentRule,long,False,2026-08-12 18:36:00+00:00,2026-08-13 14:58:00+00:00,1034.34,1048.89,False,0.014066941237891095,0.013458683550454653,0.005837745582901732,0.008229195654989363
TSLA_1786559792_0,TSLA,SentRule,long,False,2026-08-12 18:37:00+00:00,2026-08-13 14:07:00+00:00,326.63,332.87,False,0.019104185163640874,0.018492906036281065,0.005966772254185848,0.013137412909455026
MSFT_1786559869_0,MSFT,SentRule,short,False,2026-08-12 18:38:00+00:00,2026-08-13 14:08:00+00:00,492.275,495.89625054612327,True,-0.007356153666392418,-0.007960748737113166,0.005992824126450413,-0.0013633295399420042
AAPL_1786560123_0,AAPL,SentRule,long,False,2026-08-12 18:43:00+00:00,2026-08-13 14:13:00+00:00,301.33,305.34,False,0.013307669332625283,0.01269986707170423,0.006360286988559283,0.006947382344066
GS_1786561106_0,GS,SentRule,long,False,2026-08-12 19:02:00+00:00,2026-08-13 15:07:00+00:00,1035.54,1050.51,False,0.014456225737296435,0.013847734549210733,0.00500459077448312,0.009451634962813316
CAT_1786561200_0,CAT,SentRule,long,False,2026-08-12 19:01:00+00:00,2026-08-13 14:54:00+00:00,864.2,856.0092185813807,True,-0.00947787713332493,-0.01007201216653486,0.005832147937411047,-0.015310025070735978
AMD_1786562850_0,AMD,SentRule,long,False,2026-08-12 19:28:00+00:00,2026-08-13 15:01:00+00:00,483.33,496.62,False,0.027496741356836996,0.026880428205968254,0.006883701671756004,0.02061303968508099
META_1786562880_0,META,SentRule,long,False,2026-08-12 19:28:00+00:00,2026-08-13 14:58:00+00:00,580.3,590.445,False,0.017482336722385083,0.016872030412244943,0.006586098028052323,0.01089623869433276
MSFT_1786562880_0,MSFT,SentRule,long,False,2026-08-12 19:28:00+00:00,2026-08-13 14:58:00+00:00,494.58,497.71,False,0.006328602046180576,0.0057249859697758865,0.006586098028052323,-0.00025749598187174705
TSLA_1786563225_0,TSLA,SentRule,short,False,2026-08-12 19:34:00+00:00,2026-08-13 15:04:00+00:00,327.57,330.32384630419875,True,-0.008406894111789187,-0.00901211981596739,0.005900544765207627,-0.00250634934658156
HD_1786564803_0,HD,SentRule,short,False,2026-08-13 13:30:00+00:00,2026-08-13 15:48:00+00:00,346.25,340.83,False,0.01565342960288818,0.015062644425096527,0.0014650454357703069,0.017118475038658487
MSFT_1786567500_0,MSFT,SentRule,short,False,2026-08-13 13:30:00+00:00,2026-08-13 15:30:00+00:00,493.585,497.15141526695965,True,-0.007225534136895639,-0.007830050812380529,0.0018780978934322956,-0.005347436243463344
CAT_1786569350_0,CAT,SentRule,long,False,2026-08-13 13:30:00+00:00,2026-08-13 15:53:00+00:00,857.38,857.28,False,-0.00011663439781661733,-0.0007163844921495022,0.0013166047087980193,-0.0014332391066146366
WMT_1786571103_0,WMT,SentRule,long,False,2026-08-13 13:30:00+00:00,2026-08-13 15:30:00+00:00,116.29,115.57805108900408,True,-0.006122185149160964,-0.006718332993718046,0.0018780978934322956,-0.00800028304259326
MSFT_1786571160_0,MSFT,SentRule,long,False,2026-08-13 13:30:00+00:00,2026-08-13 15:30:00+00:00,493.585,493.98,False,0.000800267431141588,0.0001999673607040453,0.0018780978934322956,-0.0010778304622907076
AAPL_1786571160_0,AAPL,SentRule,long,False,2026-08-13 13:30:00+00:00,2026-08-13 15:30:00+00:00,304.205,302.32510973692916,True,-0.006179682329583103,-0.006775795686178254,0.0018780978934322956,-0.008057780223015398
AMD_1786573287_0,AMD,SentRule,short,False,2026-08-13 13:30:00+00:00,2026-08-13 15:32:00+00:00,482.965,489.7,True,-0.0139451098940917,-0.014553659524917384,0.0017490190004130213,-0.01219609089367868
TSLA_1786574022_0,TSLA,SentRule,short,False,2026-08-13 13:30:00+00:00,2026-08-13 15:30:00+00:00,327.69,330.39,True,-0.008239494644328493,-0.008844619878685123,0.0018780978934322956,-0.006361396750896198
AAPL_1786579317_0,AAPL,SentRule,long,False,2026-08-13 13:30:00+00:00,2026-08-13 15:30:00+00:00,304.205,302.32510973692916,True,-0.006179682329583103,-0.006775795686178254,0.0018780978934322956,-0.008057780223015398
BA_1786580247_0,BA,SentRule,long,False,2026-08-13 13:30:00+00:00,2026-08-13 16:24:00+00:00,232.495,230.99152716256455,True,-0.0064666889070107425,-0.007062630111305146,0.0017361111111111605,-0.008202800018121903
HD_1786583533_0,HD,SentRule,short,False,2026-08-13 13:30:00+00:00,2026-08-13 15:48:00+00:00,346.25,340.83,False,0.01565342960288818,0.015062644425096527,0.0014650454357703069,0.017118475038658487
JPM_1786585438_0,JPM,SentRule,long,False,2026-08-13 13:30:00+00:00,2026-08-13 15:38:00+00:00,366.3,364.7662339973637,True,-0.004187185374382452,-0.004784493870608975,0.0012585192069392015,-0.005445704581321653
MSFT_1786588620_0,MSFT,SentRule,short,False,2026-08-13 13:30:00+00:00,2026-08-13 15:30:00+00:00,493.585,497.15141526695965,True,-0.007225534136895639,-0.007830050812380529,0.0018780978934322956,-0.005347436243463344
HD_1786589758_0,HD,SentRule,short,False,2026-08-13 13:30:00+00:00,2026-08-13 15:48:00+00:00,346.25,340.83,False,0.01565342960288818,0.015062644425096527,0.0014650454357703069,0.017118475038658487
GS_1786594746_0,GS,SentRule,long,False,2026-08-13 13:30:00+00:00,2026-08-13 16:16:00+00:00,1041.93,1048.14,False,0.005960093288416735,0.005356698250955194,0.0012585192069392015,0.004701574081477533
AAPL_1786594800_0,AAPL,SentRule,short,False,2026-08-13 13:30:00+00:00,2026-08-13 15:30:00+00:00,304.205,303.68,False,0.0017258098979305858,0.0011266656405923836,0.0018780978934322956,0.0036039077913628814
MSFT_1786596220_0,MSFT,SentRule,short,False,2026-08-13 13:30:00+00:00,2026-08-13 15:30:00+00:00,493.585,497.15141526695965,True,-0.007225534136895639,-0.007830050812380529,0.0018780978934322956,-0.005347436243463344
TSLA_1786596409_0,TSLA,SentRule,long,False,2026-08-13 13:30:00+00:00,2026-08-13 15:30:00+00:00,327.69,333.46,False,0.017608105221398107,0.01699772347279005,0.0018780978934322956,0.01573000732796581
MSFT_1786599688_0,MSFT,SentRule,long,False,2026-08-13 13:30:00+00:00,2026-08-13 15:30:00+00:00,493.585,493.98,False,0.000800267431141588,0.0001999673607040453,0.0018780978934322956,-0.0010778304622907076
META_1786605376_0,META,SentRule,long,False,2026-08-13 13:30:00+00:00,2026-08-13 15:30:00+00:00,580.735,586.07,False,0.009186634179100706,0.008581303797707829,0.0018780978934322956,0.00730853628566841
AAPL_1786607591_0,AAPL,SentRule,long,False,2026-08-13 13:30:00+00:00,2026-08-13 15:30:00+00:00,304.205,302.32510973692916,True,-0.006179682329583103,-0.006775795686178254,0.0018780978934322956,-0.008057780223015398
NFLX_1786608011_0,NFLX,SentRule,short,False,2026-08-13 13:30:00+00:00,2026-08-13 15:30:00+00:00,76.22,76.79667388604926,True,-0.007565912963123367,-0.008170633927190307,0.0018780978934322956,-0.005687815069691071
BAC_1786608527_0,BAC,SentRule,long,False,2026-08-13 13:30:00+00:00,2026-08-13 15:30:00+00:00,65.0,64.74031234156986,True,-0.003995194745079034,-0.004592618401135118,0.0018780978934322956,-0.005873292638511329
AMD_1786610117_0,AMD,SentRule,short,False,2026-08-13 13:30:00+00:00,2026-08-13 15:32:00+00:00,482.965,489.7,True,-0.0139451098940917,-0.014553659524917384,0.0017490190004130213,-0.01219609089367868
NFLX_1786610221_0,NFLX,SentRule,short,False,2026-08-13 13:30:00+00:00,2026-08-13 15:30:00+00:00,76.22,76.79667388604926,True,-0.007565912963123367,-0.008170633927190307,0.0018780978934322956,-0.005687815069691071
AMD_1786610996_0,AMD,SentRule,long,False,2026-08-13 13:30:00+00:00,2026-08-13 15:32:00+00:00,482.965,493.94,False,0.022724213969956386,0.022110763476722584,0.0017490190004130213,0.020975194969543365
GOOGL_1786611840_0,GOOGL,SentRule,long,False,2026-08-13 13:30:00+00:00,2026-08-13 15:30:00+00:00,345.77,344.25,False,-0.004395985770888067,-0.004993169024449462,0.0018780978934322956,-0.006274083664320362
META_1786615646_0,META,SentRule,short,False,2026-08-13 13:30:00+00:00,2026-08-13 15:30:00+00:00,580.735,586.49,True,-0.00990985561400648,-0.010515983365700032,0.0018780978934322956,-0.008031757720574184
NFLX_1786617748_0,NFLX,SentRule,long,False,2026-08-13 13:30:00+00:00,2026-08-13 15:30:00+00:00,76.22,75.64332611395074,True,-0.007565912963123367,-0.008161194830785146,0.0018780978934322956,-0.009444010856555662
AAPL_1786618200_0,AAPL,SentRule,short,False,2026-08-13 13:30:00+00:00,2026-08-13 15:30:00+00:00,304.205,303.68,False,0.0017258098979305858,0.0011266656405923836,0.0018780978934322956,0.0036039077913628814
GOOGL_1786618997_0,GOOGL,SentRule,long,False,2026-08-13 13:30:00+00:00,2026-08-13 15:30:00+00:00,345.77,344.25,False,-0.004395985770888067,-0.004993169024449462,0.0018780978934322956,-0.006274083664320362
AMZN_1786618997_0,AMZN,SentRule,long,False,2026-08-13 13:30:00+00:00,2026-08-13 15:30:00+00:00,267.235,266.49,False,-0.0027878084831702843,-0.0033859563537191883,0.0018780978934322956,-0.00466590637660258
META_1786618997_0,META,SentRule,long,False,2026-08-13 13:30:00+00:00,2026-08-13 15:30:00+00:00,580.735,586.07,False,0.009186634179100706,0.008581303797707829,0.0018780978934322956,0.00730853628566841
MSFT_1786618997_0,MSFT,SentRule,long,False,2026-08-13 13:30:00+00:00,2026-08-13 15:30:00+00:00,493.585,493.98,False,0.000800267431141588,0.0001999673607040453,0.0018780978934322956,-0.0010778304622907076
JPM_1786619354_0,JPM,SentRule,short,False,2026-08-13 13:30:00+00:00,2026-08-13 15:38:00+00:00,366.3,362.19,False,0.011220311220311308,0.010626865373289385,0.0012585192069392015,0.012478830427250509
AMD_1786620507_0,AMD,SentRule,long,False,2026-08-13 13:30:00+00:00,2026-08-13 15:32:00+00:00,482.965,493.94,False,0.022724213969956386,0.022110763476722584,0.0017490190004130213,0.020975194969543365
META_1786620834_0,META,SentRule,long,False,2026-08-13 13:30:00+00:00,2026-08-13 15:30:00+00:00,580.735,586.07,False,0.009186634179100706,0.008581303797707829,0.0018780978934322956,0.00730853628566841
NFLX_1786620898_0,NFLX,SentRule,long,False,2026-08-13 13:30:00+00:00,2026-08-13 15:30:00+00:00,76.22,75.64332611395074,True,-0.007565912963123367,-0.008161194830785146,0.0018780978934322956,-0.009444010856555662
META_1786621295_0,META,SentRule,short,False,2026-08-13 13:30:00+00:00,2026-08-13 15:30:00+00:00,580.735,586.49,True,-0.00990985561400648,-0.010515983365700032,0.0018780978934322956,-0.008031757720574184
AMD_1786622208_0,AMD,SentRule,long,False,2026-08-13 13:30:00+00:00,2026-08-13 15:32:00+00:00,482.965,493.94,False,0.022724213969956386,0.022110763476722584,0.0017490190004130213,0.020975194969543365
MSFT_1786622479_0,MSFT,SentRule,short,False,2026-08-13 13:30:00+00:00,2026-08-13 15:30:00+00:00,493.585,497.15141526695965,True,-0.007225534136895639,-0.007830050812380529,0.0018780978934322956,-0.005347436243463344
BAC_1786622493_0,BAC,SentRule,long,False,2026-08-13 13:30:00+00:00,2026-08-13 15:30:00+00:00,65.0,64.74031234156986,True,-0.003995194745079034,-0.004592618401135118,0.0018780978934322956,-0.005873292638511329
NFLX_1786622821_0,NFLX,SentRule,long,False,2026-08-13 13:30:00+00:00,2026-08-13 15:30:00+00:00,76.22,75.64332611395074,True,-0.007565912963123367,-0.008161194830785146,0.0018780978934322956,-0.009444010856555662
AMZN_1786622859_0,AMZN,SentRule,long,False,2026-08-13 13:30:00+00:00,2026-08-13 15:30:00+00:00,267.235,266.49,False,-0.0027878084831702843,-0.0033859563537191883,0.0018780978934322956,-0.00466590637660258
AMD_1786622859_0,AMD,SentRule,long,False,2026-08-13 13:30:00+00:00,2026-08-13 15:32:00+00:00,482.965,493.94,False,0.022724213969956386,0.022110763476722584,0.0017490190004130213,0.020975194969543365
AMD_1786625472_0,AMD,SentRule,short,False,2026-08-13 13:30:00+00:00,2026-08-13 15:32:00+00:00,482.965,489.7,True,-0.0139451098940917,-0.014553659524917384,0.0017490190004130213,-0.01219609089367868
META_1786626000_0,META,SentRule,long,False,2026-08-13 13:30:00+00:00,2026-08-13 15:30:00+00:00,580.735,586.07,False,0.009186634179100706,0.008581303797707829,0.0018780978934322956,0.00730853628566841
AMZN_1786626029_0,AMZN,SentRule,long,False,2026-08-13 13:30:00+00:00,2026-08-13 15:30:00+00:00,267.235,266.49,False,-0.0027878084831702843,-0.0033859563537191883,0.0018780978934322956,-0.00466590637660258
AMD_1786626873_0,AMD,SentRule,long,False,2026-08-13 13:30:00+00:00,2026-08-13 15:32:00+00:00,482.965,493.94,False,0.022724213969956386,0.022110763476722584,0.0017490190004130213,0.020975194969543365
MSFT_1786626873_0,MSFT,SentRule,long,False,2026-08-13 13:30:00+00:00,2026-08-13 15:30:00+00:00,493.585,493.98,False,0.000800267431141588,0.0001999673607040453,0.0018780978934322956,-0.0010778304622907076
BA_1786627380_0,BA,SentRule,long,False,2026-08-13 13:30:00+00:00,2026-08-13 16:24:00+00:00,232.495,230.99152716256455,True,-0.0064666889070107425,-0.007062630111305146,0.0017361111111111605,-0.008202800018121903
WMT_1786627500_0,WMT,SentRule,short,False,2026-08-13 13:30:00+00:00,2026-08-13 15:30:00+00:00,116.29,115.01,False,0.01100696534525758,0.010413391452296805,0.0018780978934322956,0.012885063238689876
MSFT_1786628631_0,MSFT,SentRule,long,False,2026-08-13 13:44:00+00:00,2026-08-13 15:44:00+00:00,498.12,494.52081693572956,True,-0.007225534136895639,-0.007821020170603377,0.00025136316176199713,-0.0074768972986576365
GS_1786629960_0,GS,SentRule,long,False,2026-08-13 14:06:00+00:00,2026-08-13 17:29:00+00:00,1051.18,1045.51,False,-0.0053939382408342285,-0.0059905229024911355,-0.0014455973529505783,-0.00394834088788365
MSFT_1786630614_0,MSFT,SentRule,long,False,2026-08-13 14:17:00+00:00,2026-08-13 16:18:00+00:00,499.87,496.2283348539231,True,-0.007285224450510941,-0.007880674680771471,-0.0031996299223222557,-0.004085594528188685
UNH_1786631278_0,UNH,SentRule,short,False,2026-08-13 14:28:00+00:00,2026-08-13 16:30:00+00:00,404.275,402.105,False,0.005367633417846629,0.004770674910345107,-0.0032217694060263646,0.0021458640118202643
TSLA_1786633513_0,TSLA,SentRule,short,False,2026-08-13 15:06:00+00:00,2026-08-13 17:06:00+00:00,334.08,337.0001849598442,True,-0.008740975095319126,-0.009346401308240049,-0.0006173077665033722,-0.009358282861822498
MSFT_1786633965_0,MSFT,SentRule,long,False,2026-08-13 15:13:00+00:00,2026-08-13 17:16:00+00:00,495.845,494.6,False,-0.0025108652905645457,-0.0031091792771942295,0.00034747245959021456,-0.00285833775015476
AMD_1786634056_0,AMD,SentRule,long,False,2026-08-13 15:15:00+00:00,2026-08-13 17:46:00+00:00,494.295,494.18,False,-0.0002326545888589049,-0.0008323350919545724,-0.0003603093513144806,0.00012765476245557572
MSFT_1786634488_0,MSFT,SentRule,long,False,2026-08-13 15:22:00+00:00,2026-08-13 17:26:00+00:00,495.315,494.26,False,-0.002129957703683516,-0.002728500166322534,3.860357983853646e-05,-0.0021685612835220525
META_1786634506_0,META,SentRule,short,False,2026-08-13 15:22:00+00:00,2026-08-13 17:25:00+00:00,587.795,588.18,False,-0.0006549902602097646,-0.001255563426315609,0.0001930178991931264,-0.0004619723610166382
GS_1786635003_0,GS,SentRule,short,False,2026-08-13 15:31:00+00:00,2026-08-14 13:30:00+00:00,1049.0,1036.45,False,0.011963775023832168,0.011370775388956145,0.0023963822358503695,0.014360157259682538
JPM_1786635003_0,JPM,SentRule,long,False,2026-08-13 15:31:00+00:00,2026-08-13 17:45:00+00:00,362.1,363.05,False,0.0026235846451256872,0.002022190912458477,0.0008889805068477141,0.001734604138277973
NVDA_1786635722_0,NVDA,SentRule,long,False,2026-08-13 15:43:00+00:00,2026-08-13 17:43:00+00:00,224.73,225.39,False,0.002936857562408246,0.002335275922362934,0.0006312033440896148,0.0023056542183186313
AAPL_1786636500_0,AAPL,SentRule,long,False,2026-08-13 15:55:00+00:00,2026-08-13 17:56:00+00:00,303.33,303.475,False,0.0004780272310687117,-0.00012207955323484398,0.001360167087824271,-0.0008821398567555594
NFLX_1786637220_0,NFLX,SentRule,short,False,2026-08-13 16:07:00+00:00,2026-08-13 18:07:00+00:00,76.635,77.30858810966248,True,-0.008789562336562584,-0.009395017710576603,0.0009148069886100174,-0.007874755347952567
META_1786639013_0,META,SentRule,long,False,2026-08-13 16:37:00+00:00,2026-08-13 18:39:00+00:00,587.13,589.75,False,0.0044623848210787465,0.0038598881391906925,0.001126865767749674,0.0033355190533290724
BAC_1786639387_0,BAC,SentRule,short,False,2026-08-13 16:44:00+00:00,2026-08-13 18:46:00+00:00,64.15,64.055,False,0.0014809041309430393,0.0008816128860482664,0.0015905519923755662,0.0030714561233186055
MSFT_1786639883_0,MSFT,SentRule,short,False,2026-08-13 16:52:00+00:00,2026-08-13 18:55:00+00:00,494.63,496.11,False,-0.002992135535653029,-0.0035941114097364224,0.0015192481009398406,-0.0014728874347131882
AMD_1786640220_0,AMD,SentRule,short,False,2026-08-13 16:58:00+00:00,2026-08-13 19:23:00+00:00,492.765,488.015,False,0.009639483323693798,0.00904508869529963,0.0020213984987573763,0.011660881822451175
AMD_1786640910_0,AMD,SentRule,long,False,2026-08-13 17:11:00+00:00,2026-08-13 19:32:00+00:00,494.265,488.37104153167763,True,-0.011924693167273293,-0.012517360551157819,0.0010807611646488358,-0.013005454331922128
AMZN_1786640955_0,AMZN,SentRule,short,False,2026-08-13 17:10:00+00:00,2026-08-13 19:12:00+00:00,265.38,266.07,False,-0.0026000452181778044,-0.0032017857674733197,0.0010807611646488358,-0.0015192840535289687
JPM_1786641589_0,JPM,SentRule,long,False,2026-08-13 17:20:00+00:00,2026-08-13 19:29:00+00:00,363.505,363.435,False,-0.00019256956575564033,-0.000792274112651925,0.0007910832695536829,-0.0009836528353093232
AMD_1786642540_0,AMD,SentRule,long,False,2026-08-13 17:36:00+00:00,2026-08-13 19:53:00+00:00,494.38,488.45,True,-0.01199482179699829,-0.012587447116324202,0.0008495629899467616,-0.012844384786945051
GOOGL_1786642680_0,GOOGL,SentRule,short,False,2026-08-13 17:38:00+00:00,2026-08-13 19:38:00+00:00,345.76,346.35,False,-0.0017063859324388808,-0.0023075901252560538,0.0014419610670513006,-0.00026442486538758025
NVDA_1786643022_0,NVDA,SentRule,long,False,2026-08-13 17:44:00+00:00,2026-08-13 19:44:00+00:00,225.375,225.74,False,0.0016195230171935915,0.001018731540826101,0.001197250186668164,0.0004222728305254275
NFLX_1786643510_0,NFLX,SentRule,long,False,2026-08-13 17:52:00+00:00,2026-08-13 19:52:00+00:00,76.92,78.165,False,0.01618564742589701,0.015576118896000413,0.00087542000849683,0.01531022741740018
MSFT_1786643909_0,MSFT,SentRule,short,False,2026-08-13 17:59:00+00:00,2026-08-13 19:59:00+00:00,494.14,497.7186239961159,True,-0.007242125705500424,-0.007846652338913573,0.0012486001518916545,-0.0059935255536087695
MSFT_1786643965_0,MSFT,SentRule,short,False,2026-08-13 18:00:00+00:00,2026-08-14 13:30:00+00:00,494.11,497.6884067323448,True,-0.007242125705500424,-0.007846652338913573,0.0016478918570967949,-0.005594233848403629
BA_1786644180_0,BA,SentRule,long,False,2026-08-13 18:03:00+00:00,2026-08-14 14:23:00+00:00,230.53,231.36,False,0.0036003990803801234,0.0029984194348255944,0.0009526629504228445,0.002647736129957279
BAC_1786644180_0,BAC,SentRule,long,False,2026-08-13 18:03:00+00:00,2026-08-14 13:36:00+00:00,64.075,64.22,False,0.0022629730784236024,0.001661795647805775,0.001313130012745134,0.0009498430656784684
NFLX_1786644868_0,NFLX,SentRule,short,False,2026-08-13 18:15:00+00:00,2026-08-14 13:45:00+00:00,77.1,77.81591427458834,True,-0.009285528853285818,-0.009891281896510895,0.0018079808521316298,-0.007477548001154188
JPM_1786644940_1,JPM,SentRule,short,False,2026-08-13 18:16:00+00:00,2026-08-14 13:50:00+00:00,363.92,364.55,False,-0.001731149703231516,-0.002332368758769965,0.001312639950583172,-0.0004185097526483439
WMT_1786646658_0,WMT,SentRule,short,False,2026-08-13 18:45:00+00:00,2026-08-14 14:15:00+00:00,114.96,115.74176883760502,True,-0.006800355233168354,-0.007404616724755675,0.0006686898822076959,-0.006131665350960658
MSFT_1786646786_0,MSFT,SentRule,long,False,2026-08-13 18:47:00+00:00,2026-08-14 14:17:00+00:00,495.81,498.27,False,0.0049615780238396745,0.004358781915857923,0.0006043306074166033,0.004357247416423071
AMZN_1786646786_0,AMZN,SentRule,long,False,2026-08-13 18:47:00+00:00,2026-08-14 14:18:00+00:00,266.21,264.31000480479344,True,-0.007137204444635947,-0.007732743460264535,0.0003471686468137225,-0.00748437309144967
GOOGL_1786646786_0,GOOGL,SentRule,long,False,2026-08-13 18:47:00+00:00,2026-08-14 14:17:00+00:00,345.73,348.245,False,0.007274462731032827,0.006670279308421012,0.0006043306074166033,0.006670132123616224
NFLX_1786647000_0,NFLX,SentRule,long,False,2026-08-13 18:50:00+00:00,2026-08-14 14:20:00+00:00,77.335,78.22,False,0.011443718885368881,0.010837034659305411,7.714462044861037e-05,0.01136657426492027
AMD_1786647269_0,AMD,SentRule,long,False,2026-08-13 18:55:00+00:00,2026-08-14 14:28:00+00:00,489.925,484.11,True,-0.011869163647497016,-0.012461864339101014,-0.0008098935568467969,-0.01105927009065022
PFE_1786647540_0,PFE,SentRule,long,False,2026-08-13 18:59:00+00:00,2026-08-14 14:32:00+00:00,26.69,26.544666880204996,True,-0.005445227418321652,-0.006041781315701322,-0.0010157832138610878,-0.004429444204460564
TSLA_1786648010_0,TSLA,SentRule,long,False,2026-08-13 19:07:00+00:00,2026-08-14 14:37:00+00:00,340.45,345.04,False,0.013482155970039766,0.012874249048534292,-0.0013364002004601083,0.014818556170499875
JPM_1786648262_0,JPM,SentRule,long,False,2026-08-13 19:12:00+00:00,2026-08-14 14:43:00+00:00,363.39,364.9,False,0.0041553152260656034,0.0035530027306787115,-0.0013621177075302526,0.005517432933595856
META_1786648708_0,META,SentRule,short,False,2026-08-13 19:19:00+00:00,2026-08-14 14:49:00+00:00,594.15,599.78,True,-0.009475721619119692,-0.010081588812248965,-0.0010538762081020447,-0.010529597827221737
AMZN_1786650720_0,AMZN,SentRule,short,False,2026-08-13 19:52:00+00:00,2026-08-14 15:22:00+00:00,265.03,263.81,False,0.004603252461985341,0.004005835188280571,-0.0015950399403146243,0.0030082125216707167
WMT_1786651516_0,WMT,SentRule,short,False,2026-08-14 13:30:00+00:00,2026-08-14 15:30:00+00:00,115.79,115.13,False,0.00569997409102696,0.005103215047768672,-0.0029864933430100438,0.0027134807480169165
HD_1786651516_0,HD,SentRule,short,False,2026-08-14 13:30:00+00:00,2026-08-14 15:50:00+00:00,340.05,338.35,False,0.004999264813997928,0.004402085219007867,-0.0032819313941464534,0.0017173334198514745
GOOGL_1786651980_0,GOOGL,SentRule,long,False,2026-08-14 13:30:00+00:00,2026-08-14 15:30:00+00:00,346.71,345.31,False,-0.004037956793862207,-0.004635354800384017,-0.0029864933430100438,-0.0010514634508521636
TSLA_1786658320_0,TSLA,SentRule,short,False,2026-08-14 13:30:00+00:00,2026-08-14 15:30:00+00:00,342.17,345.64417743761675,True,-0.01015336656520649,-0.010759640467316256,-0.0029864933430100438,-0.013139859908216533
NFLX_1786660140_0,NFLX,SentRule,short,False,2026-08-14 13:30:00+00:00,2026-08-14 15:30:00+00:00,78.53,78.1,False,0.005475614414873431,0.004878720715412732,-0.0029864933430100438,0.002489121071863387
CAT_1786660362_0,CAT,SentRule,short,False,2026-08-14 13:30:00+00:00,2026-08-14 16:15:00+00:00,853.1,862.505,True,-0.011024498886414325,-0.011631295624767501,-0.0024662654703565545,-0.013490764356770879
PFE_1786669587_0,PFE,SentRule,short,False,2026-08-14 13:32:00+00:00,2026-08-14 15:34:00+00:00,26.65,26.765,False,-0.0043151969981238825,-0.004917966947307395,-0.002903316975411685,-0.0072185139735355675
META_1786670577_0,META,SentRule,short,False,2026-08-14 13:30:00+00:00,2026-08-14 15:30:00+00:00,597.0,592.985,False,0.0067252931323282805,0.006129149465107675,-0.0029864933430100438,0.0037387997893182368
AAPL_1786670870_0,AAPL,SentRule,long,False,2026-08-14 13:30:00+00:00,2026-08-14 15:30:00+00:00,305.94,305.53,False,-0.0013401320520364246,-0.0019391482679402827,-0.0029864933430100438,0.0016463612909736192
AAPL_1786673269_0,AAPL,SentRule,long,False,2026-08-14 13:30:00+00:00,2026-08-14 15:30:00+00:00,305.94,305.53,False,-0.0013401320520364246,-0.0019391482679402827,-0.0029864933430100438,0.0016463612909736192
BAC_1786677800_0,BAC,SentRule,long,False,2026-08-14 13:30:00+00:00,2026-08-14 15:30:00+00:00,64.04,64.485,False,0.006948782011242827,0.006344793938457993,-0.0029864933430100438,0.00993527535425287
JPM_1786680023_0,JPM,SentRule,short,False,2026-08-14 13:30:00+00:00,2026-08-14 15:32:00+00:00,362.015,363.905,True,-0.0052207781445519075,-0.005824091605477033,-0.0029543805113646515,-0.008175158655916559
NVDA_1786682201_0,NVDA,SentRule,long,False,2026-08-14 13:30:00+00:00,2026-08-14 15:30:00+00:00,226.87,224.94899993343984,True,-0.00846740453369843,-0.009062145668637722,-0.0029864933430100438,-0.005480911190688387
JPM_1786687182_0,JPM,SentRule,short,False,2026-08-14 13:30:00+00:00,2026-08-14 15:32:00+00:00,362.015,363.905,True,-0.0052207781445519075,-0.005824091605477033,-0.0029543805113646515,-0.008175158655916559
BA_1786694974_0,BA,SentRule,long,False,2026-08-14 13:30:00+00:00,2026-08-14 17:34:00+00:00,231.23,231.19,False,-0.00017298793409159519,-0.000772704226443377,-0.0034617632513600505,0.0032887753172684553
NVDA_1786695374_0,NVDA,SentRule,long,False,2026-08-14 13:30:00+00:00,2026-08-14 15:30:00+00:00,226.87,224.94899993343984,True,-0.00846740453369843,-0.009062145668637722,-0.0029864933430100438,-0.005480911190688387
TSLA_1786698953_0,TSLA,SentRule,long,False,2026-08-14 13:30:00+00:00,2026-08-14 15:30:00+00:00,342.17,338.6958225623833,True,-0.0101533665652066,-0.010747096426309,-0.0029864933430100438,-0.007166873222196557
META_1786701796_0,META,SentRule,short,False,2026-08-14 13:30:00+00:00,2026-08-14 15:30:00+00:00,597.0,592.985,False,0.0067252931323282805,0.006129149465107675,-0.0029864933430100438,0.0037387997893182368
JPM_1786703904_0,JPM,SentRule,long,False,2026-08-14 13:30:00+00:00,2026-08-14 15:32:00+00:00,362.015,364.31,False,0.006339516318384586,0.005735893695380634,-0.0029543805113646515,0.009293896829749237
AAPL_1786705076_0,AAPL,SentRule,long,False,2026-08-14 13:30:00+00:00,2026-08-14 15:30:00+00:00,305.94,305.53,False,-0.0013401320520364246,-0.0019391482679402827,-0.0029864933430100438,0.0016463612909736192
META_1786706372_0,META,SentRule,short,False,2026-08-14 13:30:00+00:00,2026-08-14 15:30:00+00:00,597.0,592.985,False,0.0067252931323282805,0.006129149465107675,-0.0029864933430100438,0.0037387997893182368
BA_1786708960_0,BA,SentRule,long,False,2026-08-14 13:30:00+00:00,2026-08-14 17:34:00+00:00,231.23,231.19,False,-0.00017298793409159519,-0.000772704226443377,-0.0034617632513600505,0.0032887753172684553
HON_1786709048_0,HON,SentRule,long,False,2026-08-14 13:36:00+00:00,2026-08-14 18:14:00+00:00,233.565,233.9,False,0.0014342902404043123,0.0008336098703709549,-0.002544431165426464,0.003978721405830776
AMZN_1786714902_0,AMZN,SentRule,long,False,2026-08-14 13:42:00+00:00,2026-08-14 15:42:00+00:00,264.86,263.81,False,-0.0039643585290342065,-0.0045618006812711,-0.002801840475027517,-0.0011625180540066893
MSFT_1786724671_0,MSFT,SentRule,short,False,2026-08-14 16:25:00+00:00,2026-08-14 18:27:00+00:00,497.15,495.65,False,0.00301719802876399,0.002418828836823761,-0.0007081742623720189,0.002309023766391971
AMZN_1786724737_0,AMZN,SentRule,long,False,2026-08-14 16:26:00+00:00,2026-08-14 18:29:00+00:00,263.93,263.265,False,-0.0025196074716781203,-0.0031179162145723582,-0.0009141179727181203,-0.00160548949896
META_1786724767_0,META,SentRule,long,False,2026-08-14 16:27:00+00:00,2026-08-14 18:30:00+00:00,592.185,591.7,False,-0.0008190008190006592,-0.0014183296198689854,-0.0008883624518803979,6.936163287973862e-05
TSLA_1786724789_0,TSLA,SentRule,short,False,2026-08-14 16:27:00+00:00,2026-08-14 18:27:00+00:00,339.89,342.25,False,-0.006943422872105698,-0.007547770230036388,-0.000791801315806473,-0.007735224187912171
GOOGL_1786724862_0,GOOGL,SentRule,long,False,2026-08-14 16:28:00+00:00,2026-08-14 18:29:00+00:00,345.37,344.93,False,-0.0012739960042852383,-0.0018730518899169324,-0.0009205494972384098,-0.00035344650704682845
BA_1786724882_0,BA,SentRule,long,False,2026-08-14 16:29:00+00:00,2026-08-17 14:14:00+00:00,230.69,229.02,True,-0.007239152108890701,-0.007834629974265761,-0.0013390500469954159,-0.005900102061895285
JPM_1786725019_0,JPM,SentRule,long,False,2026-08-14 16:31:00+00:00,2026-08-14 18:43:00+00:00,363.1,363.055,False,-0.000123932800881299,-0.0007236785174856708,-0.0006566326333544703,0.0005326998324731713
HD_1786725049_0,HD,SentRule,long,False,2026-08-14 16:31:00+00:00,2026-08-14 19:01:00+00:00,338.79,338.94,False,0.00044275214734779134,-0.00015733347825275246,-0.0006373199088439696,0.001080072056191761
GOOGL_1786725090_0,GOOGL,SentRule,long,False,2026-08-14 16:32:00+00:00,2026-08-14 18:33:00+00:00,345.17,345.06,False,-0.00031868354723763037,-0.0009183124484388738,-0.0007340725572770879,0.0004153890100394575
AAPL_1786725277_0,AAPL,SentRule,long,False,2026-08-14 16:35:00+00:00,2026-08-14 18:35:00+00:00,305.28,306.0,False,0.002358490566037874,0.0017572558421155016,-0.0007212637571401004,0.0030797543231779745
AMZN_1786725310_0,AMZN,SentRule,short,False,2026-08-14 16:36:00+00:00,2026-08-14 18:39:00+00:00,264.1,263.09,False,0.003824308973873758,0.003226424193824129,-0.0005473735728038776,0.0032769354010698803
AMZN_1786725421_0,AMZN,SentRule,long,False,2026-08-14 16:38:00+00:00,2026-08-14 18:41:00+00:00,264.215,263.11,False,-0.004182200102189393,-0.004779511588681951,-0.0005987676974484879,-0.003583432404740905
META_1786725449_0,META,SentRule,short,False,2026-08-14 16:38:00+00:00,2026-08-14 18:42:00+00:00,591.86,591.275,False,0.000988409421146974,0.00038882259075057046,-0.0005150689870524472,0.00047334043409452686
MSFT_1786725452_0,MSFT,SentRule,long,False,2026-08-14 16:38:00+00:00,2026-08-14 18:40:00+00:00,497.09,495.37,False,-0.003460138003178459,-0.004057882596998241,-0.0006309595091392728,-0.002829178494039186
MSFT_1786725473_0,MSFT,SentRule,short,False,2026-08-14 16:38:00+00:00,2026-08-14 18:40:00+00:00,497.09,495.37,False,0.003460138003178459,0.002862034654976031,-0.0006309595091392728,0.002829178494039186
GOOGL_1786725487_0,GOOGL,SentRule,long,False,2026-08-14 16:39:00+00:00,2026-08-14 18:40:00+00:00,345.12,345.25,False,0.00037668057487239004,-0.00022336541967393764,-0.0004829486915309822,0.0008596292664033722
TSLA_1786725529_0,TSLA,SentRule,long,False,2026-08-14 16:39:00+00:00,2026-08-14 18:39:00+00:00,339.83,341.17,False,0.0039431480446106,0.003340962811353876,-0.0006052956933855214,0.004548443737996122
META_1786725545_0,META,SentRule,short,False,2026-08-14 16:40:00+00:00,2026-08-14 18:44:00+00:00,591.82,591.57,False,0.0004224257375553542,-0.0001775007849589283,-0.0002962199755296435,0.00012620576202571065
NFLX_1786725710_0,NFLX,SentRule,short,False,2026-08-14 16:42:00+00:00,2026-08-14 18:42:00+00:00,78.275,78.025,False,0.003193867773874204,0.0025956046155911627,-0.00020609128555870715,0.0029877764883154967
GOOGL_1786727178_0,GOOGL,SentRule,long,False,2026-08-14 17:07:00+00:00,2026-08-14 19:08:00+00:00,345.21,345.7,False,0.001419425856724832,0.000818754402647226,0.0003157806548903519,0.00110364520183448
GOOGL_1786728396_0,GOOGL,SentRule,long,False,2026-08-14 17:27:00+00:00,2026-08-14 19:28:00+00:00,344.8,345.355,False,0.0016096287703015744,0.0010088432287018723,0.0006574028719481539,0.0009522258983534204
AAPL_1786728420_0,AAPL,SentRule,short,False,2026-08-14 17:27:00+00:00,2026-08-14 19:28:00+00:00,305.21,305.76,False,-0.0018020379410896847,-0.002403299542334869,0.0006574028719481539,-0.0011446350691415308
AAPL_1786731579_0,AAPL,SentRule,short,False,2026-08-14 18:20:00+00:00,2026-08-17 13:51:00+00:00,306.145,306.03,False,0.00037563899459414074,-0.00022431560839009101,-0.0004122648801855311,-3.662588559139035e-05
AAPL_1786731656_0,AAPL,SentRule,short,False,2026-08-14 18:21:00+00:00,2026-08-17 13:52:00+00:00,306.17,306.31,False,-0.0004572623052552238,-0.0010577167989862524,-0.0006892908678622911,-0.001146553173117515
AAPL_1786735034_0,AAPL,SentRule,short,False,2026-08-14 19:18:00+00:00,2026-08-17 14:48:00+00:00,305.53,307.0743901176217,True,-0.005054790421960886,-0.005658004260365557,-0.00078614325849935,-0.005840933680460236
NVDA_1786737713_0,NVDA,SentRule,short,False,2026-08-17 13:30:00+00:00,2026-08-17 15:30:00+00:00,225.99,227.49682939362796,True,-0.006667681727633656,-0.007271863591229222,-0.0007149666348903461,-0.0073826483625240025
HD_1786745054_0,HD,SentRule,short,False,2026-08-17 13:30:00+00:00,2026-08-17 15:33:00+00:00,334.15,336.2381160752499,True,-0.006249038082447811,-0.006852968684477823,-0.0012431401849896107,-0.0074921782674374215
WMT_1786784451_0,WMT,SentRule,long,False,2026-08-17 13:30:00+00:00,2026-08-17 15:34:00+00:00,114.08,114.41,False,0.0028927068723703098,0.002291151714794104,-0.0013268750161028464,0.004219581888473156
AAPL_1786785922_0,AAPL,SentRule,short,False,2026-08-17 13:30:00+00:00,2026-08-17 15:30:00+00:00,306.21,304.52,False,0.005519088207439293,0.004922220600081739,-0.0007149666348903461,0.004804121572548947
HD_1786788651_0,HD,SentRule,short,False,2026-08-17 13:30:00+00:00,2026-08-17 15:33:00+00:00,334.15,336.2381160752499,True,-0.006249038082447811,-0.006852968684477823,-0.0012431401849896107,-0.0074921782674374215
XOM_1786792865_0,XOM,SentRule,long,False,2026-08-17 13:31:00+00:00,2026-08-17 15:36:00+00:00,160.11,160.615,False,0.0031540815689212742,0.002552369633560536,-0.0020663285011716104,0.005220410070092885
HON_1786829764_0,HON,SentRule,short,False,2026-08-17 13:30:00+00:00,2026-08-17 17:04:00+00:00,232.28,229.03,False,0.013991734114000343,0.013399951619720518,-0.0020482827918480995,0.011943451322152243
META_1786878089_0,META,SentRule,long,False,2026-08-17 13:30:00+00:00,2026-08-17 15:30:00+00:00,589.79,585.5315691068037,True,-0.007220249399271461,-0.00781573860287077,-0.0007149666348903461,-0.006505282764381115
WMT_1786883340_0,WMT,SentRule,long,False,2026-08-17 13:30:00+00:00,2026-08-17 15:34:00+00:00,114.08,114.41,False,0.0028927068723703098,0.002291151714794104,-0.0013268750161028464,0.004219581888473156
META_1786891174_0,META,SentRule,short,False,2026-08-17 13:30:00+00:00,2026-08-17 15:30:00+00:00,589.79,574.49,False,0.025941436782583538,0.025356826261496934,-0.0007149666348903461,0.025226470147693192
WMT_1786913100_0,WMT,SentRule,short,False,2026-08-17 13:30:00+00:00,2026-08-17 15:34:00+00:00,114.08,114.71233253603341,True,-0.0055428868866884695,-0.0061463936708556766,-0.0013268750161028464,-0.006869761902791316
AMZN_1786933398_0,AMZN,SentRule,short,False,2026-08-17 13:30:00+00:00,2026-08-17 15:30:00+00:00,265.52,261.355,False,0.01568620066285009,0.015095435153595127,-0.0007149666348903461,0.014971234027959746
GOOGL_1786938750_0,GOOGL,SentRule,long,False,2026-08-17 13:30:00+00:00,2026-08-17 15:30:00+00:00,346.265,344.3903073136529,True,-0.005414040363152739,-0.00601061296715355,-0.0007149666348903461,-0.004699073728262393
JPM_1786940671_0,JPM,SentRule,short,False,2026-08-17 13:30:00+00:00,2026-08-17 15:37:00+00:00,361.73,363.71,True,-0.005473695850496174,-0.006077161107583384,-0.0013719630020868623,-0.006845658852583036
TSLA_1786942700_0,TSLA,SentRule,short,False,2026-08-17 13:30:00+00:00,2026-08-17 15:30:00+00:00,340.555,340.88,False,-0.0009543245584413551,-0.0015550773790224959,-0.0007149666348903461,-0.0016692911933317012
HD_1786952074_0,HD,SentRule,short,False,2026-08-17 13:30:00+00:00,2026-08-17 15:33:00+00:00,334.15,336.2381160752499,True,-0.006249038082447811,-0.006852968684477823,-0.0012431401849896107,-0.0074921782674374215
HD_1786953004_0,HD,SentRule,long,False,2026-08-17 13:30:00+00:00,2026-08-17 15:33:00+00:00,334.15,336.34,False,0.006553942840041849,0.0059501915997102195,-0.0012431401849896107,0.007797083025031459
NFLX_1786953600_0,NFLX,SentRule,short,False,2026-08-17 13:30:00+00:00,2026-08-17 15:30:00+00:00,77.94,76.49,False,0.018604054400821135,0.018015040129180204,-0.0007149666348903461,0.01788908776593079
META_1786953601_0,META,SentRule,short,False,2026-08-17 13:30:00+00:00,2026-08-17 15:30:00+00:00,589.79,574.49,False,0.025941436782583538,0.025356826261496934,-0.0007149666348903461,0.025226470147693192
NVDA_1786953888_0,NVDA,SentRule,short,False,2026-08-17 13:30:00+00:00,2026-08-17 15:30:00+00:00,225.99,227.49682939362796,True,-0.006667681727633656,-0.007271863591229222,-0.0007149666348903461,-0.0073826483625240025
GS_1786954272_0,GS,SentRule,short,False,2026-08-17 13:30:00+00:00,2026-08-17 16:46:00+00:00,1043.57,1050.245,True,-0.006396312657512171,-0.007000331650804714,-0.0015587560868781658,-0.007955068744390337
NVDA_1786955972_0,NVDA,SentRule,long,False,2026-08-17 13:30:00+00:00,2026-08-17 15:30:00+00:00,225.99,227.39,False,0.006194964378954726,0.005591428461102721,-0.0007149666348903461,0.006909931013845072
NVDA_1786956256_0,NVDA,SentRule,long,False,2026-08-17 13:30:00+00:00,2026-08-17 15:30:00+00:00,225.99,227.39,False,0.006194964378954726,0.005591428461102721,-0.0007149666348903461,0.006909931013845072
JPM_1786959465_0,JPM,SentRule,long,False,2026-08-17 13:30:00+00:00,2026-08-17 15:37:00+00:00,361.73,363.64,False,0.00528018135073105,0.004677194138084539,-0.0013719630020868623,0.0066521443528179125
NVDA_1786961416_0,NVDA,SentRule,long,False,2026-08-17 13:30:00+00:00,2026-08-17 15:30:00+00:00,225.99,227.39,False,0.006194964378954726,0.005591428461102721,-0.0007149666348903461,0.006909931013845072
JNJ_1786962687_0,JNJ,SentRule,long,False,2026-08-17 13:30:00+00:00,2026-08-17 16:24:00+00:00,259.0,263.8,False,0.01853281853281863,0.017921882122621913,-0.001146523072166561,0.01967934160498519
NVDA_1786962751_0,NVDA,SentRule,long,False,2026-08-17 13:30:00+00:00,2026-08-17 15:30:00+00:00,225.99,227.39,False,0.006194964378954726,0.005591428461102721,-0.0007149666348903461,0.006909931013845072
UNH_1786963973_0,UNH,SentRule,short,False,2026-08-17 13:30:00+00:00,2026-08-17 15:35:00+00:00,398.24,393.81,False,0.011123945359582166,0.010530441675692837,-0.0012624636075542206,0.009861481752027945
GOOGL_1786965666_0,GOOGL,SentRule,short,False,2026-08-17 13:30:00+00:00,2026-08-17 15:30:00+00:00,346.265,343.9,False,0.006830029024013418,0.006233948217185814,-0.0007149666348903461,0.0061150623891230715
NFLX_1786967018_0,NFLX,SentRule,short,False,2026-08-17 13:30:00+00:00,2026-08-17 15:30:00+00:00,77.94,76.49,False,0.018604054400821135,0.018015040129180204,-0.0007149666348903461,0.01788908776593079
MSFT_1786968698_0,MSFT,SentRule,long,False,2026-08-17 13:30:00+00:00,2026-08-17 15:30:00+00:00,490.14,487.31891561522156,True,-0.005755670593663886,-0.006352038281001504,-0.0007149666348903461,-0.00504070395877354
NVDA_1786970486_0,NVDA,SentRule,short,False,2026-08-17 13:30:00+00:00,2026-08-17 15:30:00+00:00,225.99,227.49682939362796,True,-0.006667681727633656,-0.007271863591229222,-0.0007149666348903461,-0.0073826483625240025
META_1786970486_0,META,SentRule,short,False,2026-08-17 13:30:00+00:00,2026-08-17 15:30:00+00:00,589.79,574.49,False,0.025941436782583538,0.025356826261496934,-0.0007149666348903461,0.025226470147693192
GOOGL_1786972373_0,GOOGL,SentRule,short,False,2026-08-17 13:30:00+00:00,2026-08-17 15:30:00+00:00,346.265,343.9,False,0.006830029024013418,0.006233948217185814,-0.0007149666348903461,0.0061150623891230715
CVX_1786973244_0,CVX,SentRule,long,False,2026-08-17 13:30:00+00:00,2026-08-17 16:00:00+00:00,201.125,199.87,True,-0.006239900559353639,-0.0068359777958469925,-0.0014234921289258962,-0.004816408430427743
NVDA_1786973866_0,NVDA,SentRule,long,False,2026-08-17 13:38:00+00:00,2026-08-17 15:38:00+00:00,225.675,227.02,False,0.005959898083527149,0.005356503163153281,-0.000599551303540613,0.006559449387067762
CAT_1786975715_0,CAT,SentRule,long,False,2026-08-17 14:10:00+00:00,2026-08-17 16:42:00+00:00,873.04,884.2,False,0.012782919453862451,0.012175431948441728,-0.00047717614893050264,0.013260095602792954
META_1786975971_0,META,SentRule,short,False,2026-08-17 14:13:00+00:00,2026-08-17 16:14:00+00:00,579.76,571.75,False,0.013816061818683556,0.013224173889396118,-0.00031586818627193924,0.013500193632411617
HD_1786979703_0,HD,SentRule,short,False,2026-08-17 15:16:00+00:00,2026-08-17 17:21:00+00:00,336.47,338.6889277133196,True,-0.006594726761136371,-0.0071988648386163145,-0.0019082493101937326,-0.008502976071330104
AAPL_1786980035_0,AAPL,SentRule,short,False,2026-08-17 15:21:00+00:00,2026-08-17 17:21:00+00:00,304.76,304.265,False,0.0016242289014306577,0.001025023677204251,-0.002204147922816091,-0.0005799190213854333
XOM_1786981676_0,XOM,SentRule,long,False,2026-08-17 15:48:00+00:00,2026-08-17 18:05:00+00:00,160.73,162.12,False,0.00864804330243274,0.008043035978648527,-0.002180279436997612,0.010828322739430352
XOM_1786983522_0,XOM,SentRule,long,False,2026-08-17 16:19:00+00:00,2026-08-17 18:32:00+00:00,160.84,162.31,False,0.009139517532952057,0.008534215413068313,-0.0026887960383782383,0.011828313571330296
WMT_1786998629_0,WMT,SentRule,long,False,2026-08-18 13:30:00+00:00,2026-08-18 15:30:00+00:00,116.2,115.53615969914291,True,-0.005712911367100615,-0.006309304702279639,-0.0009300087147668945,-0.00478290265233372
HD_1786998629_0,HD,SentRule,long,False,2026-08-18 13:30:00+00:00,2026-08-18 15:32:00+00:00,337.38,334.94852419870745,True,-0.007206935210423149,-0.0078024324001398915,-0.0013332292764142162,-0.005873705934008933
NVDA_1787008594_0,NVDA,SentRule,long,False,2026-08-18 13:30:00+00:00,2026-08-18 15:30:00+00:00,220.31,218.91881862029575,True,-0.006314653804658232,-0.006910686202656002,-0.0009300087147668945,-0.005384645089891338
BA_1787009436_0,BA,SentRule,long,False,2026-08-18 13:30:00+00:00,2026-08-18 16:41:00+00:00,223.935,224.51,False,0.0025677093799538753,0.0019663491623911344,-0.00044224190632269345,0.0030099512862765687
WMT_1787010473_0,WMT,SentRule,long,False,2026-08-18 13:30:00+00:00,2026-08-18 15:30:00+00:00,116.2,115.53615969914291,True,-0.005712911367100615,-0.006309304702279639,-0.0009300087147668945,-0.00478290265233372
HD_1787032831_0,HD,SentRule,short,False,2026-08-18 13:30:00+00:00,2026-08-18 15:32:00+00:00,337.38,339.81147580129254,True,-0.007206935210423149,-0.007811440723203056,-0.0013332292764142162,-0.008540164486837365
PFE_1787036663_0,PFE,SentRule,long,False,2026-08-18 13:30:00+00:00,2026-08-18 15:32:00+00:00,27.17,27.185,False,0.0005520794994477995,-4.807170289111706e-05,-0.0013332292764142162,0.0018853087758620157
HD_1787037286_0,HD,SentRule,short,False,2026-08-18 13:30:00+00:00,2026-08-18 15:32:00+00:00,337.38,339.81147580129254,True,-0.007206935210423149,-0.007811440723203056,-0.0013332292764142162,-0.008540164486837365
NVDA_1787039541_0,NVDA,SentRule,short,False,2026-08-18 13:30:00+00:00,2026-08-18 15:30:00+00:00,220.31,219.835,False,0.0021560528346420416,0.00155716680053275,-0.0009300087147668945,0.001226044119875147
TSLA_1787040346_0,TSLA,SentRule,short,False,2026-08-18 13:30:00+00:00,2026-08-18 15:30:00+00:00,333.25,337.6394652803799,True,-0.013171688763330636,-0.013779774202220096,-0.0009300087147668945,-0.01410169747809753
HD_1787042438_0,HD,SentRule,short,False,2026-08-18 13:30:00+00:00,2026-08-18 15:32:00+00:00,337.38,339.81147580129254,True,-0.007206935210423149,-0.007811440723203056,-0.0013332292764142162,-0.008540164486837365
AAPL_1787043641_0,AAPL,SentRule,short,False,2026-08-18 13:30:00+00:00,2026-08-18 15:30:00+00:00,307.85,309.42587902560547,True,-0.005118983354248652,-0.005722235719970881,-0.0009300087147668945,-0.006048992069015546
MSFT_1787044408_0,MSFT,SentRule,short,False,2026-08-18 13:30:00+00:00,2026-08-18 15:30:00+00:00,481.55,482.15,False,-0.0012459765341086282,-0.0018469043983881939,-0.0009300087147668945,-0.0021759852488755227
NVDA_1787044684_0,NVDA,SentRule,long,False,2026-08-18 13:30:00+00:00,2026-08-18 15:30:00+00:00,220.31,218.91881862029575,True,-0.006314653804658232,-0.006910686202656002,-0.0009300087147668945,-0.005384645089891338
HD_1787044884_0,HD,SentRule,long,False,2026-08-18 13:30:00+00:00,2026-08-18 15:32:00+00:00,337.38,334.94852419870745,True,-0.007206935210423149,-0.0078024324001398915,-0.0013332292764142162,-0.005873705934008933
META_1787045451_0,META,SentRule,long,False,2026-08-18 13:30:00+00:00,2026-08-18 15:30:00+00:00,557.31,552.8841840052423,True,-0.007941389881318539,-0.00853644653039487,-0.0009300087147668945,-0.0070113811665516446
NVDA_1787045680_0,NVDA,SentRule,short,False,2026-08-18 13:30:00+00:00,2026-08-18 15:30:00+00:00,220.31,219.835,False,0.0021560528346420416,0.00155716680053275,-0.0009300087147668945,0.001226044119875147
HD_1787047153_0,HD,SentRule,short,False,2026-08-18 13:30:00+00:00,2026-08-18 15:32:00+00:00,337.38,339.81147580129254,True,-0.007206935210423149,-0.007811440723203056,-0.0013332292764142162,-0.008540164486837365
META_1787048449_0,META,SentRule,long,False,2026-08-18 13:30:00+00:00,2026-08-18 15:30:00+00:00,557.31,552.8841840052423,True,-0.007941389881318539,-0.00853644653039487,-0.0009300087147668945,-0.0070113811665516446
AMZN_1787048908_0,AMZN,SentRule,long,False,2026-08-18 13:30:00+00:00,2026-08-18 15:30:00+00:00,260.7,259.1067684133422,True,-0.006111360132941335,-0.006707514470560172,-0.0009300087147668945,-0.00518135141817444
TSLA_1787048908_0,TSLA,SentRule,long,False,2026-08-18 13:30:00+00:00,2026-08-18 15:30:00+00:00,333.25,337.595,False,0.013038259564891241,0.012430618901351664,-0.0009300087147668945,0.013968268279658136
NVDA_1787049282_0,NVDA,SentRule,long,False,2026-08-18 13:30:00+00:00,2026-08-18 15:30:00+00:00,220.31,218.91881862029575,True,-0.006314653804658232,-0.006910686202656002,-0.0009300087147668945,-0.005384645089891338
HON_1787049480_0,HON,SentRule,long,False,2026-08-18 13:30:00+00:00,2026-08-18 18:43:00+00:00,229.0,227.71,True,-0.005633187772925763,-0.006229628927915343,-0.0007674197786188275,-0.004865767994306935
AMZN_1787051582_0,AMZN,SentRule,long,False,2026-08-18 13:30:00+00:00,2026-08-18 15:30:00+00:00,260.7,259.1067684133422,True,-0.006111360132941335,-0.006707514470560172,-0.0009300087147668945,-0.00518135141817444
TSLA_1787051870_0,TSLA,SentRule,long,False,2026-08-18 13:30:00+00:00,2026-08-18 15:30:00+00:00,333.25,337.595,False,0.013038259564891241,0.012430618901351664,-0.0009300087147668945,0.013968268279658136
NVDA_1787053364_0,NVDA,SentRule,short,False,2026-08-18 13:30:00+00:00,2026-08-18 15:30:00+00:00,220.31,219.835,False,0.0021560528346420416,0.00155716680053275,-0.0009300087147668945,0.001226044119875147
AMD_1787053364_0,AMD,SentRule,short,False,2026-08-18 13:30:00+00:00,2026-08-18 15:30:00+00:00,488.1,480.3,False,0.015980331899201006,0.015389742921647187,-0.0009300087147668945,0.015050323184434111
META_1787053364_0,META,SentRule,short,False,2026-08-18 13:30:00+00:00,2026-08-18 15:30:00+00:00,557.31,552.575,False,0.008496169097988338,0.007901088275200308,-0.0009300087147668945,0.007566160383221443
NVDA_1787055164_0,NVDA,SentRule,short,False,2026-08-18 13:30:00+00:00,2026-08-18 15:30:00+00:00,220.31,219.835,False,0.0021560528346420416,0.00155716680053275,-0.0009300087147668945,0.001226044119875147
WMT_1787055244_0,WMT,SentRule,long,False,2026-08-18 13:30:00+00:00,2026-08-18 15:30:00+00:00,116.2,115.53615969914291,True,-0.005712911367100615,-0.006309304702279639,-0.0009300087147668945,-0.00478290265233372
AMZN_1787058827_0,AMZN,SentRule,long,False,2026-08-18 13:30:00+00:00,2026-08-18 15:30:00+00:00,260.7,259.1067684133422,True,-0.006111360132941335,-0.006707514470560172,-0.0009300087147668945,-0.00518135141817444
AAPL_1787059009_0,AAPL,SentRule,short,False,2026-08-18 13:30:00+00:00,2026-08-18 15:30:00+00:00,307.85,309.42587902560547,True,-0.005118983354248652,-0.005722235719970881,-0.0009300087147668945,-0.006048992069015546
META_1787061600_0,META,SentRule,short,False,2026-08-18 14:00:00+00:00,2026-08-18 16:00:00+00:00,547.98,552.331722827165,True,-0.007941389881318539,-0.00854633619914269,0.000312386109231122,-0.007629003772087417
TSLA_1787061706_0,TSLA,SentRule,short,False,2026-08-18 14:02:00+00:00,2026-08-18 16:02:00+00:00,337.55,339.765,False,-0.006561990816175367,-0.007166109246194097,1.3011853798872153e-05,-0.006548978962376495
HD_1787063039_0,HD,SentRule,long,False,2026-08-18 14:24:00+00:00,2026-08-18 16:29:00+00:00,340.025,340.895,False,0.0025586353944562212,0.0019572806196521686,-0.0002927952840440229,0.002851430678500244
NVDA_1787063256_0,NVDA,SentRule,long,False,2026-08-18 14:28:00+00:00,2026-08-18 16:28:00+00:00,220.085,219.53,False,-0.002521752959083967,-0.003120060415071735,-0.0009883993133226188,-0.0015333536457613484
UNH_1787087415_0,UNH,SentRule,short,False,2026-08-19 13:30:00+00:00,2026-08-19 15:35:00+00:00,394.2,391.38,False,0.007153729071537218,0.006557842543021719,0.0004153902071757365,0.007569119278712955
AMD_1787092044_0,AMD,SentRule,short,False,2026-08-19 13:30:00+00:00,2026-08-19 15:30:00+00:00,484.95,466.75,False,0.037529642231157845,0.03695198671984312,0.0008177994703775227,0.03834744170153537
NVDA_1787095763_0,NVDA,SentRule,short,False,2026-08-19 13:30:00+00:00,2026-08-19 15:30:00+00:00,221.745,219.165,False,0.011634986132720071,0.011041789165309623,0.0008177994703775227,0.012452785603097594
CAT_1787102214_0,CAT,SentRule,short,False,2026-08-19 13:30:00+00:00,2026-08-19 15:34:00+00:00,842.02,811.2,False,0.036602455998669736,0.0360242440086721,0.0005581805908925208,0.03716063658956226
NVDA_1787106763_0,NVDA,SentRule,short,False,2026-08-19 13:30:00+00:00,2026-08-19 15:30:00+00:00,221.745,219.165,False,0.011634986132720071,0.011041789165309623,0.0008177994703775227,0.012452785603097594
META_1787116176_0,META,SentRule,short,False,2026-08-19 13:30:00+00:00,2026-08-19 15:30:00+00:00,541.34,547.5266717255336,True,-0.01142844002943355,-0.012035479205203758,0.0008177994703775227,-0.010610640559056028
AMZN_1787116736_0,AMZN,SentRule,long,False,2026-08-19 13:30:00+00:00,2026-08-19 15:30:00+00:00,260.77,258.6627430190362,True,-0.008080902638201382,-0.0086758756047286,0.0008177994703775227,-0.008898702108578904
AMZN_1787119201_0,AMZN,SentRule,long,False,2026-08-19 13:30:00+00:00,2026-08-19 15:30:00+00:00,260.77,258.6627430190362,True,-0.008080902638201382,-0.0086758756047286,0.0008177994703775227,-0.008898702108578904
AMZN_1787119985_0,AMZN,SentRule,long,False,2026-08-19 13:30:00+00:00,2026-08-19 15:30:00+00:00,260.77,258.6627430190362,True,-0.008080902638201382,-0.0086758756047286,0.0008177994703775227,-0.008898702108578904
NVDA_1787120936_0,NVDA,SentRule,short,False,2026-08-19 13:30:00+00:00,2026-08-19 15:30:00+00:00,221.745,219.165,False,0.011634986132720071,0.011041789165309623,0.0008177994703775227,0.012452785603097594
META_1787123125_0,META,SentRule,short,False,2026-08-19 13:30:00+00:00,2026-08-19 15:30:00+00:00,541.34,547.5266717255336,True,-0.01142844002943355,-0.012035479205203758,0.0008177994703775227,-0.010610640559056028
GS_1787124200_0,GS,SentRule,short,False,2026-08-19 13:30:00+00:00,2026-08-19 15:48:00+00:00,1042.68,1016.78,False,0.024839835807726307,0.0242545641277071,0.000532218702943954,0.02537205451067026
NVDA_1787126161_0,NVDA,SentRule,long,False,2026-08-19 13:30:00+00:00,2026-08-19 15:30:00+00:00,221.745,220.10077317292001,True,-0.007414944314775962,-0.008010316736460465,0.0008177994703775227,-0.008232743785153485
NVDA_1787131773_0,NVDA,SentRule,long,False,2026-08-19 13:30:00+00:00,2026-08-19 15:30:00+00:00,221.745,220.10077317292001,True,-0.007414944314775962,-0.008010316736460465,0.0008177994703775227,-0.008232743785153485
AMZN_1787131840_0,AMZN,SentRule,long,False,2026-08-19 13:30:00+00:00,2026-08-19 15:30:00+00:00,260.77,258.6627430190362,True,-0.008080902638201382,-0.0086758756047286,0.0008177994703775227,-0.008898702108578904
NVDA_1787132464_0,NVDA,SentRule,long,False,2026-08-19 13:30:00+00:00,2026-08-19 15:30:00+00:00,221.745,220.10077317292001,True,-0.007414944314775962,-0.008010316736460465,0.0008177994703775227,-0.008232743785153485
GS_1787133061_0,GS,SentRule,long,False,2026-08-19 13:30:00+00:00,2026-08-19 15:48:00+00:00,1042.68,1035.150144439591,True,-0.007221636130365083,-0.007817124502175088,0.000532218702943954,-0.007753854833309037
NVDA_1787134919_0,NVDA,SentRule,long,False,2026-08-19 13:30:00+00:00,2026-08-19 15:30:00+00:00,221.745,220.10077317292001,True,-0.007414944314775962,-0.008010316736460465,0.0008177994703775227,-0.008232743785153485
GOOGL_1787135656_0,GOOGL,SentRule,long,False,2026-08-19 13:30:00+00:00,2026-08-19 15:30:00+00:00,342.5,344.97,False,0.007211678832116819,0.006607533068546667,0.0008177994703775227,0.006393879361739296
GOOGL_1787135863_0,GOOGL,SentRule,long,False,2026-08-19 13:30:00+00:00,2026-08-19 15:30:00+00:00,342.5,344.97,False,0.007211678832116819,0.006607533068546667,0.0008177994703775227,0.006393879361739296
HD_1787136348_0,HD,SentRule,long,False,2026-08-19 13:30:00+00:00,2026-08-19 15:33:00+00:00,341.96,345.505,False,0.010366709556673293,0.00976067134240366,0.0007464042785190195,0.009620305278154273
GOOGL_1787137215_0,GOOGL,SentRule,long,False,2026-08-19 13:30:00+00:00,2026-08-19 15:30:00+00:00,342.5,344.97,False,0.007211678832116819,0.006607533068546667,0.0008177994703775227,0.006393879361739296
HD_1787138831_0,HD,SentRule,long,False,2026-08-19 13:30:00+00:00,2026-08-19 15:33:00+00:00,341.96,345.505,False,0.010366709556673293,0.00976067134240366,0.0007464042785190195,0.009620305278154273
HD_1787138859_0,HD,SentRule,short,False,2026-08-19 13:30:00+00:00,2026-08-19 15:33:00+00:00,341.96,345.6220125735608,True,-0.010708891605921256,-0.011315498923079925,0.0007464042785190195,-0.009962487327402236
NFLX_1787139797_0,NFLX,SentRule,short,False,2026-08-19 13:30:00+00:00,2026-08-19 15:30:00+00:00,78.21,78.97462491049626,True,-0.009776561954945251,-0.010382609706443446,0.0008177994703775227,-0.008958762484567728
WMT_1787142821_0,WMT,SentRule,long,False,2026-08-19 13:30:00+00:00,2026-08-19 15:30:00+00:00,115.085,116.1,False,0.00881956814528384,0.008214457937459008,0.0008177994703775227,0.008001768674906318
AAPL_1787142861_0,AAPL,SentRule,short,False,2026-08-19 13:30:00+00:00,2026-08-19 15:30:00+00:00,310.145,312.105262335799,True,-0.006320470540550405,-0.006924444014916986,0.0008177994703775227,-0.005502671070172882
JNJ_1787145019_0,JNJ,SentRule,long,False,2026-08-19 13:30:00+00:00,2026-08-19 15:36:00+00:00,272.18,273.77,False,0.0058417223895950166,0.005238398353372142,0.0002725998234591742,0.005569122566135842
AMD_1787145238_0,AMD,SentRule,long,False,2026-08-19 13:30:00+00:00,2026-08-19 15:30:00+00:00,484.95,478.39002215325183,True,-0.013527122067735098,-0.014118828282630003,0.0008177994703775227,-0.01434492153811262
CVX_1787146400_0,CVX,SentRule,long,False,2026-08-19 13:34:00+00:00,2026-08-19 15:53:00+00:00,204.74,206.41,False,0.008156686529256607,0.007551973931118505,0.00029870905737805487,0.007857977471878552
XOM_1787146508_0,XOM,SentRule,long,False,2026-08-19 13:36:00+00:00,2026-08-19 15:43:00+00:00,166.345,167.065,False,0.004328353722684808,0.0037259374353373342,0.00023373284335992395,0.004094620879324884
AMZN_1787146791_0,AMZN,SentRule,short,False,2026-08-19 13:40:00+00:00,2026-08-19 15:40:00+00:00,260.56,262.66555999140974,True,-0.008080902638201382,-0.008685932688799358,0.0010136320515652386,-0.007067270586636143
PFE_1787147774_0,PFE,SentRule,short,False,2026-08-19 13:57:00+00:00,2026-08-19 15:57:00+00:00,28.18,28.34170789225448,True,-0.005738392202075282,-0.0063420163246330485,0.00021424536937852956,-0.0055241468326967524
HD_1787147898_0,HD,SentRule,long,False,2026-08-19 13:59:00+00:00,2026-08-19 16:02:00+00:00,346.395,342.6854934921669,True,-0.010708891605921145,-0.011302288251963666,0.0011035951234077412,-0.011812486729328886
NFLX_1787148960_0,NFLX,SentRule,long,False,2026-08-19 14:16:00+00:00,2026-08-19 16:16:00+00:00,80.29,80.54,False,0.0031137127911320395,0.002512025069773882,0.0032821832693146202,-0.00016847047818258076
WMT_1787153466_0,WMT,SentRule,long,False,2026-08-19 15:32:00+00:00,2026-08-19 17:32:00+00:00,116.04,115.1758224421553,True,-0.007447238519861399,-0.00804259157083409,-0.002114384299075067,-0.005332854220786332
HON_1787154300_0,HON,SentRule,short,False,2026-08-19 15:46:00+00:00,2026-08-19 19:48:00+00:00,223.81,222.72,False,0.0048702024038247416,0.00427294534815037,-0.002310218172851042,0.0025599842309736998
NVDA_1787157622_0,NVDA,SentRule,long,False,2026-08-19 16:41:00+00:00,2026-08-19 18:41:00+00:00,219.485,219.63,False,0.0006606374011890459,6.042108364368026e-05,-0.00044783094057476713,0.001108468341763813
CAT_1787163799_0,CAT,SentRule,short,False,2026-08-19 18:24:00+00:00,2026-08-20 14:12:00+00:00,807.26,815.64,False,-0.010380794291801942,-0.010987204691496721,-0.004113942560783124,-0.014494736852585066
HD_1787164453_0,HD,SentRule,long,False,2026-08-19 18:35:00+00:00,2026-08-20 14:06:00+00:00,344.75,335.91,True,-0.025641769398114467,-0.026226209004593715,-0.004708250803649672,-0.020933518594464795
HD_1787169372_0,HD,SentRule,short,False,2026-08-19 19:57:00+00:00,2026-08-20 15:36:00+00:00,343.835,336.965,False,0.0199805139092879,0.0193923257611891,-0.0033964252949099105,0.01658408861437799
AMD_1787179355_0,AMD,SentRule,short,False,2026-08-20 13:30:00+00:00,2026-08-20 15:39:00+00:00,466.1,473.64075395038014,True,-0.01617840366955625,-0.016788293678760446,-0.0004634676519161829,-0.016641871321472435
PFE_1787182165_0,PFE,SentRule,short,False,2026-08-20 13:30:00+00:00,2026-08-20 15:30:00+00:00,27.985,27.975,False,0.00035733428622464203,-0.00024263130288026957,0.0009204075904249986,0.0012777418766496407
CAT_1787198415_0,CAT,SentRule,long,False,2026-08-20 13:31:00+00:00,2026-08-20 15:46:00+00:00,809.47,807.16,False,-0.0028537191001519746,-0.0034518274361909906,-0.0008094417463052617,-0.002044277353846713
META_1787204264_0,META,SentRule,long,False,2026-08-20 13:30:00+00:00,2026-08-20 15:30:00+00:00,546.595,543.6,False,-0.005479376869528596,-0.006075910283382835,0.0009204075904249986,-0.006399784459953595
TSLA_1787204321_0,TSLA,SentRule,long,False,2026-08-20 13:30:00+00:00,2026-08-20 15:30:00+00:00,345.95,341.8960523692903,True,-0.011718305046132915,-0.012311096225751217,0.0009204075904249986,-0.012638712636557914
JPM_1787204321_0,JPM,SentRule,long,False,2026-08-20 13:30:00+00:00,2026-08-20 15:46:00+00:00,356.265,353.65,True,-0.007340041822800458,-0.007935459172501824,-0.0008159641759087899,-0.006524077646891668
TSLA_1787205015_0,TSLA,SentRule,short,False,2026-08-20 13:30:00+00:00,2026-08-20 15:30:00+00:00,345.95,343.83,False,0.006128053186876703,0.005531551068153284,0.0009204075904249986,0.007048460777301702
AAPL_1787205015_0,AAPL,SentRule,short,False,2026-08-20 13:30:00+00:00,2026-08-20 15:30:00+00:00,317.455,319.9311146542397,True,-0.007799891809042947,-0.008404753202546411,0.0009204075904249986,-0.006879484218617948
META_1787205611_0,META,SentRule,long,False,2026-08-20 13:30:00+00:00,2026-08-20 15:30:00+00:00,546.595,543.6,False,-0.005479376869528596,-0.006075910283382835,0.0009204075904249986,-0.006399784459953595
WMT_1787209387_0,WMT,SentRule,long,False,2026-08-20 13:30:00+00:00,2026-08-20 15:30:00+00:00,106.345,105.44064254495504,True,-0.008503996003996095,-0.00909871519063754,0.0009204075904249986,-0.009424403594421094
WMT_1787209465_0,WMT,SentRule,long,False,2026-08-20 13:30:00+00:00,2026-08-20 15:30:00+00:00,106.345,105.44064254495504,True,-0.008503996003996095,-0.00909871519063754,0.0009204075904249986,-0.009424403594421094
WMT_1787209820_0,WMT,SentRule,long,False,2026-08-20 13:30:00+00:00,2026-08-20 15:30:00+00:00,106.345,105.44064254495504,True,-0.008503996003996095,-0.00909871519063754,0.0009204075904249986,-0.009424403594421094
WMT_1787213748_0,WMT,SentRule,long,False,2026-08-20 13:30:00+00:00,2026-08-20 15:30:00+00:00,106.345,105.44064254495504,True,-0.008503996003996095,-0.00909871519063754,0.0009204075904249986,-0.009424403594421094
WMT_1787214974_0,WMT,SentRule,short,False,2026-08-20 13:30:00+00:00,2026-08-20 15:30:00+00:00,106.345,103.61,False,0.025718181390756545,0.025133436876236703,0.0009204075904249986,0.026638588981181544
WMT_1787215076_0,WMT,SentRule,long,False,2026-08-20 13:30:00+00:00,2026-08-20 15:30:00+00:00,106.345,105.44064254495504,True,-0.008503996003996095,-0.00909871519063754,0.0009204075904249986,-0.009424403594421094
NVDA_1787215229_0,NVDA,SentRule,short,False,2026-08-20 13:30:00+00:00,2026-08-20 15:30:00+00:00,218.58,216.76,False,0.008326470857352053,0.007731288185064855,0.0009204075904249986,0.009246878447777052
NVDA_1787215538_0,NVDA,SentRule,long,False,2026-08-20 13:30:00+00:00,2026-08-20 15:30:00+00:00,218.58,216.76,False,-0.008326470857352053,-0.00892129652713669,0.0009204075904249986,-0.009246878447777052
WMT_1787215583_0,WMT,SentRule,long,False,2026-08-20 13:30:00+00:00,2026-08-20 15:30:00+00:00,106.345,105.44064254495504,True,-0.008503996003996095,-0.00909871519063754,0.0009204075904249986,-0.009424403594421094
AAPL_1787216400_0,AAPL,SentRule,long,False,2026-08-20 13:30:00+00:00,2026-08-20 15:30:00+00:00,317.455,317.22,False,-0.0007402623993950641,-0.001339638429146528,0.0009204075904249986,-0.0016606699898200628
AMD_1787216846_0,AMD,SentRule,long,False,2026-08-20 13:30:00+00:00,2026-08-20 15:39:00+00:00,466.1,460.9,False,-0.01115640420510633,-0.01174953242411736,-0.0004634676519161829,-0.010692936553190147
WMT_1787217445_0,WMT,SentRule,short,False,2026-08-20 13:30:00+00:00,2026-08-20 15:30:00+00:00,106.345,103.61,False,0.025718181390756545,0.025133436876236703,0.0009204075904249986,0.026638588981181544
NVDA_1787218390_0,NVDA,SentRule,short,False,2026-08-20 13:30:00+00:00,2026-08-20 15:30:00+00:00,218.58,216.76,False,0.008326470857352053,0.007731288185064855,0.0009204075904249986,0.009246878447777052
WMT_1787221160_0,WMT,SentRule,long,False,2026-08-20 13:30:00+00:00,2026-08-20 15:30:00+00:00,106.345,105.44064254495504,True,-0.008503996003996095,-0.00909871519063754,0.0009204075904249986,-0.009424403594421094
AAPL_1787221835_0,AAPL,SentRule,short,False,2026-08-20 13:30:00+00:00,2026-08-20 15:30:00+00:00,317.455,319.9311146542397,True,-0.007799891809042947,-0.008404753202546411,0.0009204075904249986,-0.006879484218617948
WMT_1787224802_0,WMT,SentRule,long,False,2026-08-20 13:30:00+00:00,2026-08-20 15:30:00+00:00,106.345,105.44064254495504,True,-0.008503996003996095,-0.00909871519063754,0.0009204075904249986,-0.009424403594421094
WMT_1787227321_0,WMT,SentRule,short,False,2026-08-20 13:30:00+00:00,2026-08-20 15:30:00+00:00,106.345,103.61,False,0.025718181390756545,0.025133436876236703,0.0009204075904249986,0.026638588981181544
WMT_1787230977_0,WMT,SentRule,short,False,2026-08-20 13:30:00+00:00,2026-08-20 15:30:00+00:00,106.345,103.61,False,0.025718181390756545,0.025133436876236703,0.0009204075904249986,0.026638588981181544
WMT_1787231019_0,WMT,SentRule,short,False,2026-08-20 13:30:00+00:00,2026-08-20 15:30:00+00:00,106.345,103.61,False,0.025718181390756545,0.025133436876236703,0.0009204075904249986,0.026638588981181544
WMT_1787232748_0,WMT,SentRule,short,False,2026-08-20 13:33:00+00:00,2026-08-20 15:33:00+00:00,105.105,103.36,False,0.01660244517387377,0.016012229576298886,-0.0006653620352250478,0.015937083138648722
WMT_1787234643_0,WMT,SentRule,short,False,2026-08-20 14:05:00+00:00,2026-08-20 16:05:00+00:00,104.01,103.245,False,0.007355062013267966,0.0067592963207682155,-0.0005417789933354067,0.006813283019932559
GOOGL_1787236396_0,GOOGL,SentRule,short,False,2026-08-20 14:34:00+00:00,2026-08-20 16:35:00+00:00,341.87,341.63,False,0.0007020212361423805,0.0001022625212697692,-0.0007043631383290005,-2.341902186620004e-06
WMT_1787237580_0,WMT,SentRule,short,False,2026-08-20 14:53:00+00:00,2026-08-20 16:53:00+00:00,103.46,104.39,False,-0.008988981248791772,-0.009594556310059454,-0.0009647727569033204,-0.009953754005695092
NVDA_1787241859_0,NVDA,SentRule,long,False,2026-08-20 16:05:00+00:00,2026-08-20 18:05:00+00:00,216.36,216.695,False,0.0015483453503419842,0.000947596567766551,-0.0022466626609890517,0.003795008011331036
JNJ_1787242320_0,JNJ,SentRule,long,False,2026-08-20 16:12:00+00:00,2026-08-20 18:39:00+00:00,271.67,269.75,True,-0.007067397946037501,-0.0076629788330037085,-0.0031660650055160833,-0.003901332940521418
HD_1787242620_0,HD,SentRule,short,False,2026-08-20 16:17:00+00:00,2026-08-20 18:31:00+00:00,336.935,333.29,False,0.01081811031801383,0.01022442307803273,-0.0027039383449806165,0.008114171973033213
GS_1787243700_0,GS,SentRule,long,False,2026-08-20 16:35:00+00:00,2026-08-20 19:42:00+00:00,1008.14,1003.595,False,-0.004508302418314902,-0.005105418302098652,-0.0037592512824529134,-0.0007490511358619889
META_1787245294_0,META,SentRule,long,False,2026-08-20 17:02:00+00:00,2026-08-20 19:02:00+00:00,542.89,540.96,False,-0.003555047983937687,-0.004152735648847883,-0.00348545767845021,-6.959030548747691e-05
WMT_1787245569_0,WMT,SentRule,short,False,2026-08-20 17:07:00+00:00,2026-08-20 19:07:00+00:00,104.225,103.145,False,0.010362197169584975,0.009768236299625865,-0.0027946457721188533,0.007567551397466121
BAC_1787248020_0,BAC,SentRule,long,False,2026-08-20 17:47:00+00:00,2026-08-20 19:48:00+00:00,62.56,62.1699120441486,True,-0.0062354212891847505,-0.0068315012124342545,-0.002046714793889848,-0.004188706495294903
WMT_1787249111_0,WMT,SentRule,short,False,2026-08-20 18:06:00+00:00,2026-08-21 13:36:00+00:00,103.805,103.23,False,0.005539232214247902,0.0049423766969213245,0.0014073627984918513,0.0069465950127397535
CVX_1787250600_0,CVX,SentRule,long,False,2026-08-20 18:30:00+00:00,2026-08-21 14:20:00+00:00,207.24,206.04048276337562,True,-0.005788058466629886,-0.006384406727071856,0.0014929966669503525,-0.007281055133580239
META_1787254828_0,META,SentRule,short,False,2026-08-20 19:41:00+00:00,2026-08-21 15:11:00+00:00,543.165,547.5412626328064,True,-0.00805696728030414,-0.008661982965377568,0.0033732004139539473,-0.004683766866350192
META_1787257200_0,META,SentRule,short,False,2026-08-21 13:30:00+00:00,2026-08-21 15:30:00+00:00,546.795,551.535,True,-0.008668696677914145,-0.009274079510770639,-0.00010444000574427736,-0.008773136683658422
JNJ_1787260406_0,JNJ,SentRule,long,False,2026-08-21 13:30:00+00:00,2026-08-21 16:16:00+00:00,268.095,271.545,False,0.0128685727074358,0.012261033825476053,0.0006201125341063207,0.012248460173329478
DIS_1787263506_0,DIS,SentRule,long,False,2026-08-21 13:30:00+00:00,2026-08-21 15:59:00+00:00,107.57,107.63,False,0.0005577763316910733,-4.2378287722022456e-05,0.001579655086881182,-0.0010218787551901087
JPM_1787267220_0,JPM,SentRule,long,False,2026-08-21 13:30:00+00:00,2026-08-21 15:32:00+00:00,354.495,352.05,True,-0.006897135361570661,-0.0074928183754494615,0.00024804501364239506,-0.007145180375213056
GS_1787267820_0,GS,SentRule,long,False,2026-08-21 13:30:00+00:00,2026-08-21 16:54:00+00:00,1015.87,1017.97,False,0.002067193636981157,0.0014661336387984392,3.916500215406238e-05,0.002028028634827095
AAPL_1787267861_0,AAPL,SentRule,short,False,2026-08-21 13:30:00+00:00,2026-08-21 15:30:00+00:00,311.425,310.63,False,0.002552781568596063,0.001954133643159661,-0.00010444000574427736,0.0024483415628517857
BAC_1787270345_0,BAC,SentRule,long,False,2026-08-21 13:30:00+00:00,2026-08-21 15:30:00+00:00,62.325,61.9043758147691,True,-0.006748883838442188,-0.007344655776557518,-0.00010444000574427736,-0.0066444438326979105
NFLX_1787271230_0,NFLX,SentRule,short,False,2026-08-21 13:30:00+00:00,2026-08-21 15:30:00+00:00,80.27,80.1,False,0.00211785224866079,0.0015189432873217168,-0.00010444000574427736,0.0020134122429165124
JPM_1787274660_0,JPM,SentRule,long,False,2026-08-21 13:30:00+00:00,2026-08-21 15:32:00+00:00,354.495,352.05,True,-0.006897135361570661,-0.0074928183754494615,0.00024804501364239506,-0.007145180375213056
BAC_1787277780_0,BAC,SentRule,short,False,2026-08-21 13:30:00+00:00,2026-08-21 15:30:00+00:00,62.325,62.13,False,0.0031287605294825216,0.002530458295129989,-0.00010444000574427736,0.0030243205237382442
HD_1787277780_0,HD,SentRule,short,False,2026-08-21 13:30:00+00:00,2026-08-21 16:02:00+00:00,335.785,336.69,False,-0.0026951769733607467,-0.0032969746188384885,0.0012075875664172564,-0.0014875894069434903
XOM_1787288402_0,XOM,SentRule,short,False,2026-08-21 13:30:00+00:00,2026-08-21 15:32:00+00:00,166.54,165.89,False,0.0039029662543533794,0.0033051286828345017,0.00024804501364239506,0.0041510112679957745
NVDA_1787291312_0,NVDA,SentRule,long,False,2026-08-21 13:30:00+00:00,2026-08-21 15:30:00+00:00,218.42,216.36057402369863,True,-0.009428742680621549,-0.010022907185661678,-0.00010444000574427736,-0.009324302674877272
WMT_1787292190_0,WMT,SentRule,long,False,2026-08-21 13:30:00+00:00,2026-08-21 15:30:00+00:00,103.605,102.5,False,-0.010665508421408232,-0.011258931089555002,-0.00010444000574427736,-0.010561068415663954
WMT_1787293049_0,WMT,SentRule,long,False,2026-08-21 13:30:00+00:00,2026-08-21 15:30:00+00:00,103.605,102.5,False,-0.010665508421408232,-0.011258931089555002,-0.00010444000574427736,-0.010561068415663954
TSLA_1787293081_0,TSLA,SentRule,short,False,2026-08-21 13:30:00+00:00,2026-08-21 15:30:00+00:00,349.88,354.24558857010396,True,-0.012477388161952652,-0.013085056895469682,-0.00010444000574427736,-0.012581828167696929
GOOGL_1787293082_0,GOOGL,SentRule,short,False,2026-08-21 13:30:00+00:00,2026-08-21 15:30:00+00:00,342.355,344.6094800409374,True,-0.006585211376896494,-0.007189343743432497,-0.00010444000574427736,-0.006689651382640771
NVDA_1787294638_0,NVDA,SentRule,short,False,2026-08-21 13:30:00+00:00,2026-08-21 15:30:00+00:00,218.42,215.81,False,0.011949455178097201,0.011356446948735277,-0.00010444000574427736,0.011845015172352924
AMD_1787295275_0,AMD,SentRule,long,False,2026-08-21 13:30:00+00:00,2026-08-21 15:41:00+00:00,474.61,468.39016252096184,True,-0.013105154714477485,-0.013697114033852986,0.0018015900990875355,-0.01490674481356502
NVDA_1787295405_0,NVDA,SentRule,long,False,2026-08-21 13:30:00+00:00,2026-08-21 15:30:00+00:00,218.42,216.36057402369863,True,-0.009428742680621549,-0.010022907185661678,-0.00010444000574427736,-0.009324302674877272
META_1787295601_0,META,SentRule,short,False,2026-08-21 13:30:00+00:00,2026-08-21 15:30:00+00:00,546.795,551.535,True,-0.008668696677914145,-0.009274079510770639,-0.00010444000574427736,-0.008773136683658422
WMT_1787300810_0,WMT,SentRule,short,False,2026-08-21 13:30:00+00:00,2026-08-21 15:30:00+00:00,103.605,102.5,False,0.010665508421408232,0.01007172959281255,-0.00010444000574427736,0.010561068415663954
WMT_1787301067_0,WMT,SentRule,short,False,2026-08-21 13:30:00+00:00,2026-08-21 15:30:00+00:00,103.605,102.5,False,0.010665508421408232,0.01007172959281255,-0.00010444000574427736,0.010561068415663954
NVDA_1787301114_0,NVDA,SentRule,long,False,2026-08-21 13:30:00+00:00,2026-08-21 15:30:00+00:00,218.42,216.36057402369863,True,-0.009428742680621549,-0.010022907185661678,-0.00010444000574427736,-0.009324302674877272
TSLA_1787302077_0,TSLA,SentRule,short,False,2026-08-21 13:30:00+00:00,2026-08-21 15:30:00+00:00,349.88,354.24558857010396,True,-0.012477388161952652,-0.013085056895469682,-0.00010444000574427736,-0.012581828167696929
TSLA_1787302696_0,TSLA,SentRule,short,False,2026-08-21 13:30:00+00:00,2026-08-21 15:30:00+00:00,349.88,354.24558857010396,True,-0.012477388161952652,-0.013085056895469682,-0.00010444000574427736,-0.012581828167696929
BAC_1787306580_0,BAC,SentRule,short,False,2026-08-21 13:30:00+00:00,2026-08-21 15:30:00+00:00,62.325,62.13,False,0.0031287605294825216,0.002530458295129989,-0.00010444000574427736,0.0030243205237382442
XOM_1787306977_0,XOM,SentRule,short,False,2026-08-21 13:30:00+00:00,2026-08-21 15:32:00+00:00,166.54,165.89,False,0.0039029662543533794,0.0033051286828345017,0.00024804501364239506,0.0041510112679957745
MSFT_1787308269_0,MSFT,SentRule,long,False,2026-08-21 13:30:00+00:00,2026-08-21 15:30:00+00:00,480.585,483.68,False,0.006440067833993979,0.005836384898174396,-0.00010444000574427736,0.006544507839738256
JNJ_1787308800_0,JNJ,SentRule,long,False,2026-08-21 13:30:00+00:00,2026-08-21 16:16:00+00:00,268.095,271.545,False,0.0128685727074358,0.012261033825476053,0.0006201125341063207,0.012248460173329478
AMZN_1787308867_0,AMZN,SentRule,short,False,2026-08-21 13:30:00+00:00,2026-08-21 15:30:00+00:00,260.37,258.6,False,0.006798018204862255,0.00620191818577942,-0.00010444000574427736,0.006693578199117978
JPM_1787309584_0,JPM,SentRule,long,False,2026-08-21 13:30:00+00:00,2026-08-21 15:32:00+00:00,354.495,352.05,True,-0.006897135361570661,-0.0074928183754494615,0.00024804501364239506,-0.007145180375213056
BAC_1787310109_0,BAC,SentRule,short,False,2026-08-21 13:30:00+00:00,2026-08-21 15:30:00+00:00,62.325,62.13,False,0.0031287605294825216,0.002530458295129989,-0.00010444000574427736,0.0030243205237382442
GOOGL_1787314872_0,GOOGL,SentRule,long,False,2026-08-21 13:30:00+00:00,2026-08-21 15:30:00+00:00,342.355,344.135,False,0.005199281447620052,0.004596342760357697,-0.00010444000574427736,0.0053037214533643295
HON_1787316023_0,HON,SentRule,long,False,2026-08-21 13:30:00+00:00,2026-08-21 17:48:00+00:00,219.1,217.96,True,-0.005203103605659454,-0.005799802733757575,-0.00028721001579656846,-0.004915893589862885
GS_1787317744_0,GS,SentRule,short,False,2026-08-21 13:30:00+00:00,2026-08-21 16:54:00+00:00,1015.87,1024.72,True,-0.008711744612991845,-0.00931715328236038,3.916500215406238e-05,-0.008672579610837783
JPM_1787318463_0,JPM,SentRule,short,False,2026-08-21 13:30:00+00:00,2026-08-21 15:32:00+00:00,354.495,353.04,False,0.004104430245842616,0.0035067135889932377,0.00024804501364239506,0.004352475259485011
JPM_1787322332_0,JPM,SentRule,long,False,2026-08-21 14:26:00+00:00,2026-08-21 16:31:00+00:00,354.415,352.01204264471886,True,-0.006780066744582314,-0.00737581997856529,0.0014509424590207765,-0.00823100920360309
JPM_1787323740_0,JPM,SentRule,long,False,2026-08-21 14:49:00+00:00,2026-08-21 16:56:00+00:00,353.1,351.34,False,-0.004984423676012595,-0.0055812539727179145,0.0015231147369521025,-0.006507538412964697
AAPL_1787323938_0,AAPL,SentRule,short,False,2026-08-21 14:53:00+00:00,2026-08-21 16:53:00+00:00,308.865,311.34450153723526,True,-0.008027784103848745,-0.008632782273761963,0.001084754623276618,-0.006943029480572127
WMT_1787328101_0,WMT,SentRule,long,False,2026-08-21 16:02:00+00:00,2026-08-21 18:03:00+00:00,102.815,103.055,False,0.002334289743714635,0.0017330695359305537,-0.0017274647336443794,0.004061754477359014
TSLA_1787329655_0,TSLA,SentRule,long,False,2026-08-21 16:28:00+00:00,2026-08-21 18:28:00+00:00,363.365,364.52,False,0.003178622046702273,0.002576895391470879,-0.0015004436094150364,0.004679065656117309
TSLA_1787329813_0,TSLA,SentRule,long,False,2026-08-21 16:31:00+00:00,2026-08-21 18:31:00+00:00,363.45,364.275,False,0.0022699133305819075,0.0016687317370616128,-0.001591774959553316,0.0038616882901352234
JNJ_1787330580_0,JNJ,SentRule,long,False,2026-08-21 16:45:00+00:00,2026-08-21 19:39:00+00:00,271.66,271.265,False,-0.0014540234116175998,-0.002052971313200036,-0.00012396101099998447,-0.0013300624006176154
UNH_1787333520_0,UNH,SentRule,long,False,2026-08-21 17:33:00+00:00,2026-08-21 19:44:00+00:00,389.89,389.99,False,0.00025648259765587156,-0.00034349129973343384,0.0009402669313345324,-0.0006837843336786609
XOM_1787334000_0,XOM,SentRule,long,False,2026-08-21 17:40:00+00:00,2026-08-21 19:44:00+00:00,165.1,165.135,False,0.0002119927316777126,-0.00038795447979789177,0.0011494553149247189,-0.0009374625832470063
